{"date":"2026-08-12","contract":"AL2608","rows":[
["中信期货",1,5730,11,205],
["国泰君安",2,3875,1,7555],
["宝城期货",3,1035,null,null],
["中泰期货",4,770,null,null],
["国信期货",5,765,15,135],
["中粮期货",6,605,3,1585],
["国元期货",7,440,5,680],
["中信建投",8,370,null,null],
["银河期货",9,340,19,115],
["国贸期货",10,320,null,null],
["华泰期货",11,315,2,2270],
["申银万国",12,295,null,null],
["东证期货",13,280,14,135],
["国投安信",14,270,null,null],
["浙商期货",15,270,17,120],
["山金期货",16,190,null,null],
["国金期货",17,165,null,null],
["冠通期货",18,150,null,null],
["方正中期",19,125,null,null],
["中航期货",20,90,null,null],
["金瑞期货",null,null,4,935],
["东海期货",null,null,6,500],
["广发期货",null,null,7,470],
["兴业期货",null,null,8,420],
["永安期货",null,null,9,250],
["长江期货",null,null,10,240],
["国联期货",null,null,12,165],
["徽商期货",null,null,13,155],
["中融汇信",null,null,16,125],
["首创京都",null,null,18,120],
["和融期货",null,null,20,115],
["光大期货",null,null,null,null],
["华安期货",null,null,null,null],
["海证期货",null,null,null,null],
["安粮期货",null,null,null,null],
["信达期货",null,null,null,null]
]}
