date,contract,volume,long_oi,short_oi,settle
2026-09-16,ZN2610,210437,60414,57999,26145
2026-09-16,ZN2610,210437,60414,57999,26145
2026-09-16,ZN2610,210437,60414,57999,26145
2026-09-16,ZN2611,169970,100952,83630,26180
2026-09-16,ZN2611,169970,100952,83630,26180
2026-09-16,ZN2611,169970,100952,83630,26180
2026-09-16,ZN2612,48682,38472,31688,26200
2026-09-16,ZN2612,48682,38472,31688,26200
2026-09-16,ZN2612,48682,38472,31688,26200
2026-09-15,ZN2610,203963,66701,64099,26085
2026-09-15,ZN2610,203963,66701,64099,26085
2026-09-15,ZN2610,203963,66701,64099,26085
2026-09-15,ZN2611,162048,101014,82367,26115
2026-09-15,ZN2611,162048,101014,82367,26115
2026-09-15,ZN2611,162048,101014,82367,26115
2026-09-15,ZN2612,39612,37156,31193,26125
2026-09-15,ZN2612,39612,37156,31193,26125
2026-09-15,ZN2612,39612,37156,31193,26125
2026-09-14,ZN2610,251335,73159,70146,26500
2026-09-14,ZN2610,251335,73159,70146,26500
2026-09-14,ZN2610,251335,73159,70146,26500
2026-09-14,ZN2611,155376,104679,84497,26525
2026-09-14,ZN2611,155376,104679,84497,26525
2026-09-14,ZN2611,155376,104679,84497,26525
2026-09-14,ZN2612,49477,37301,31175,26530
2026-09-14,ZN2612,49477,37301,31175,26530
2026-09-14,ZN2612,49477,37301,31175,26530
2026-09-11,ZN2610,345824,81212,78947,26825
2026-09-11,ZN2610,345824,81212,78947,26825
2026-09-11,ZN2610,345824,81212,78947,26825
2026-09-11,ZN2611,185777,103742,82373,26855
2026-09-11,ZN2611,185777,103742,82373,26855
2026-09-11,ZN2611,185777,103742,82373,26855
2026-09-11,ZN2612,65194,36982,30631,26865
2026-09-11,ZN2612,65194,36982,30631,26865
2026-09-11,ZN2612,65194,36982,30631,26865
2026-09-10,ZN2610,282586,97388,93813,27650
2026-09-10,ZN2610,282586,97388,93813,27650
2026-09-10,ZN2610,282586,97388,93813,27650
2026-09-10,ZN2611,150600,109880,82558,27665
2026-09-10,ZN2611,150600,109880,82558,27665
2026-09-10,ZN2611,150600,109880,82558,27665
2026-09-10,ZN2612,46043,37953,30610,27655
2026-09-10,ZN2612,46043,37953,30610,27655
2026-09-10,ZN2612,46043,37953,30610,27655
2026-09-09,ZN2610,245107,103705,99867,27485
2026-09-09,ZN2610,245107,103705,99867,27485
2026-09-09,ZN2610,245107,103705,99867,27485
2026-09-09,ZN2611,128102,109424,81347,27520
2026-09-09,ZN2611,128102,109424,81347,27520
2026-09-09,ZN2611,128102,109424,81347,27520
2026-09-09,ZN2612,39906,36699,30468,27495
2026-09-09,ZN2612,39906,36699,30468,27495
2026-09-09,ZN2612,39906,36699,30468,27495
2026-09-08,ZN2610,271493,106208,100299,27430
2026-09-08,ZN2610,271493,106208,100299,27430
2026-09-08,ZN2610,271493,106208,100299,27430
2026-09-08,ZN2611,153060,105940,77864,27470
2026-09-08,ZN2611,153060,105940,77864,27470
2026-09-08,ZN2611,153060,105940,77864,27470
2026-09-08,ZN2612,47883,36253,30181,27440
2026-09-08,ZN2612,47883,36253,30181,27440
2026-09-08,ZN2612,47883,36253,30181,27440
2026-09-07,ZN2610,273014,104659,98863,26995
2026-09-07,ZN2610,273014,104659,98863,26995
2026-09-07,ZN2610,273014,104659,98863,26995
2026-09-07,ZN2611,137792,104118,75844,27040
2026-09-07,ZN2611,137792,104118,75844,27040
2026-09-07,ZN2611,137792,104118,75844,27040
2026-09-07,ZN2612,49336,33985,29069,27040
2026-09-07,ZN2612,49336,33985,29069,27040
2026-09-07,ZN2612,49336,33985,29069,27040
2026-09-04,ZN2610,203397,106750,99588,26745
2026-09-04,ZN2610,203397,106750,99588,26745
2026-09-04,ZN2610,203397,106750,99588,26745
2026-09-04,ZN2611,96270,99200,72494,26785
2026-09-04,ZN2611,96270,99200,72494,26785
2026-09-04,ZN2611,96270,99200,72494,26785
2026-09-04,ZN2612,27041,31420,26965,26795
2026-09-04,ZN2612,27041,31420,26965,26795
2026-09-04,ZN2612,27041,31420,26965,26795
2026-09-03,ZN2610,257044,108570,102087,26630
2026-09-03,ZN2610,257044,108570,102087,26630
2026-09-03,ZN2610,257044,108570,102087,26630
2026-09-03,ZN2611,121567,96268,70213,26675
2026-09-03,ZN2611,121567,96268,70213,26675
2026-09-03,ZN2611,121567,96268,70213,26675
2026-09-03,ZN2612,33377,30385,26277,26675
2026-09-03,ZN2612,33377,30385,26277,26675
2026-09-03,ZN2612,33377,30385,26277,26675
2026-09-02,ZN2610,305540,109300,103903,26645
2026-09-02,ZN2610,305540,109300,103903,26645
2026-09-02,ZN2610,305540,109300,103903,26645
2026-09-02,ZN2611,118458,92829,66653,26690
2026-09-02,ZN2611,118458,92829,66653,26690
2026-09-02,ZN2611,118458,92829,66653,26690
2026-09-02,ZN2612,43814,30405,25747,26700
2026-09-02,ZN2612,43814,30405,25747,26700
2026-09-02,ZN2612,43814,30405,25747,26700
2026-09-01,ZN2610,282694,116748,109225,26980
2026-09-01,ZN2610,282694,116748,109225,26980
2026-09-01,ZN2610,282694,116748,109225,26980
2026-09-01,ZN2611,104314,93289,65073,27030
2026-09-01,ZN2611,104314,93289,65073,27030
2026-09-01,ZN2611,104314,93289,65073,27030
2026-09-01,ZN2612,40109,31513,25811,27020
2026-09-01,ZN2612,40109,31513,25811,27020
2026-09-01,ZN2612,40109,31513,25811,27020
2026-08-31,ZN2610,359178,112758,104292,26355
2026-08-31,ZN2610,359178,112758,104292,26355
2026-08-31,ZN2610,359178,112758,104292,26355
2026-08-31,ZN2611,135953,88602,62425,26425
2026-08-31,ZN2611,135953,88602,62425,26425
2026-08-31,ZN2611,135953,88602,62425,26425
2026-08-31,ZN2612,31762,30037,24225,26470
2026-08-31,ZN2612,31762,30037,24225,26470
2026-08-31,ZN2612,31762,30037,24225,26470
2026-08-28,ZN2610,279286,111167,104488,26275
2026-08-28,ZN2610,279286,111167,104488,26275
2026-08-28,ZN2610,279286,111167,104488,26275
2026-08-28,ZN2611,112885,80940,58738,26335
2026-08-28,ZN2611,112885,80940,58738,26335
2026-08-28,ZN2611,112885,80940,58738,26335
2026-08-28,ZN2612,23595,26844,21970,26340
2026-08-28,ZN2612,23595,26844,21970,26340
2026-08-28,ZN2612,23595,26844,21970,26340
2026-08-27,ZN2610,409219,115763,105831,26465
2026-08-27,ZN2610,409219,115763,105831,26465
2026-08-27,ZN2610,409219,115763,105831,26465
2026-08-27,ZN2611,151114,73451,54773,26505
2026-08-27,ZN2611,151114,73451,54773,26505
2026-08-27,ZN2611,151114,73451,54773,26505
2026-08-27,ZN2612,33084,24859,20952,26525
2026-08-27,ZN2612,33084,24859,20952,26525
2026-08-27,ZN2612,33084,24859,20952,26525
2026-08-26,ZN2610,286342,111278,103712,26255
2026-08-26,ZN2610,286342,111278,103712,26255
2026-08-26,ZN2610,286342,111278,103712,26255
2026-08-26,ZN2611,82123,60887,46620,26300
2026-08-26,ZN2611,82123,60887,46620,26300
2026-08-26,ZN2611,82123,60887,46620,26300
2026-08-26,ZN2612,22996,20543,17615,26295
2026-08-26,ZN2612,22996,20543,17615,26295
2026-08-26,ZN2612,22996,20543,17615,26295
2026-08-25,ZN2610,221954,108916,98873,26055
2026-08-25,ZN2610,221954,108916,98873,26055
2026-08-25,ZN2610,221954,108916,98873,26055
2026-08-25,ZN2611,70574,50302,38463,26090
2026-08-25,ZN2611,70574,50302,38463,26090
2026-08-25,ZN2611,70574,50302,38463,26090
2026-08-25,ZN2612,15818,17240,15326,26105
2026-08-25,ZN2612,15818,17240,15326,26105
2026-08-25,ZN2612,15818,17240,15326,26105
2026-08-24,ZN2610,222775,106400,93772,25955
2026-08-24,ZN2610,222775,106400,93772,25955
2026-08-24,ZN2610,222775,106400,93772,25955
2026-08-24,ZN2611,53979,43973,33062,25985
2026-08-24,ZN2611,53979,43973,33062,25985
2026-08-24,ZN2611,53979,43973,33062,25985
2026-08-24,ZN2612,16528,14977,14001,25985
2026-08-24,ZN2612,16528,14977,14001,25985
2026-08-24,ZN2612,16528,14977,14001,25985
2026-08-21,ZN2610,259622,104131,92240,25635
2026-08-21,ZN2610,259622,104131,92240,25635
2026-08-21,ZN2610,259622,104131,92240,25635
2026-08-21,ZN2611,55044,39581,29097,25685
2026-08-21,ZN2611,55044,39581,29097,25685
2026-08-21,ZN2611,55044,39581,29097,25685
2026-08-20,ZN2610,214541,103378,93965,25390
2026-08-20,ZN2610,214541,103378,93965,25390
2026-08-20,ZN2610,214541,103378,93965,25390
2026-08-20,ZN2611,43662,35134,27074,25420
2026-08-20,ZN2611,43662,35134,27074,25420
2026-08-20,ZN2611,43662,35134,27074,25420
2026-08-19,ZN2610,272416,105654,93538,25420
2026-08-19,ZN2610,272416,105654,93538,25420
2026-08-19,ZN2610,272416,105654,93538,25420
2026-08-19,ZN2611,49338,31930,24398,25425
2026-08-19,ZN2611,49338,31930,24398,25425
2026-08-19,ZN2611,49338,31930,24398,25425
2026-08-18,ZN2610,225443,116165,98175,25700
2026-08-18,ZN2610,225443,116165,98175,25700
2026-08-18,ZN2610,225443,116165,98175,25700
2026-08-18,ZN2611,36150,29573,22719,25720
2026-08-18,ZN2611,36150,29573,22719,25720
2026-08-18,ZN2611,36150,29573,22719,25720
2026-08-17,ZN2610,181107,111760,92321,25895
2026-08-17,ZN2610,181107,111760,92321,25895
2026-08-17,ZN2610,181107,111760,92321,25895
2026-08-17,ZN2611,36368,29005,23210,25920
2026-08-17,ZN2611,36368,29005,23210,25920
2026-08-17,ZN2611,36368,29005,23210,25920
2026-08-14,ZN2610,117019,105293,82492,25685
2026-08-14,ZN2610,117019,105293,82492,25685
2026-08-14,ZN2610,117019,105293,82492,25685
2026-08-14,ZN2611,40936,25691,21145,25705
2026-08-14,ZN2611,40936,25691,21145,25705
2026-08-14,ZN2611,40936,25691,21145,25705
2026-08-13,ZN2610,128619,102546,78528,25750
2026-08-13,ZN2610,128619,102546,78528,25750
2026-08-13,ZN2610,128619,102546,78528,25750
2026-08-13,ZN2611,27359,22702,18929,25745
2026-08-13,ZN2611,27359,22702,18929,25745
2026-08-13,ZN2611,27359,22702,18929,25745
2026-08-12,ZN2610,84167,94651,71944,25730
2026-08-12,ZN2610,84167,94651,71944,25730
2026-08-12,ZN2610,84167,94651,71944,25730
2026-08-12,ZN2611,25143,22398,19005,25715
2026-08-12,ZN2611,25143,22398,19005,25715
2026-08-12,ZN2611,25143,22398,19005,25715
2026-08-11,ZN2610,109385,91843,69264,25670
2026-08-11,ZN2610,109385,91843,69264,25670
2026-08-11,ZN2610,109385,91843,69264,25670
2026-08-11,ZN2611,28365,21899,18106,25675
2026-08-11,ZN2611,28365,21899,18106,25675
2026-08-11,ZN2611,28365,21899,18106,25675
2026-08-10,ZN2610,129321,90988,67945,25600
2026-08-10,ZN2610,129321,90988,67945,25600
2026-08-10,ZN2610,129321,90988,67945,25600
2026-08-10,ZN2611,28549,21509,17340,25610
2026-08-10,ZN2611,28549,21509,17340,25610
2026-08-10,ZN2611,28549,21509,17340,25610
2026-08-07,ZN2610,122034,90546,66483,25950
2026-08-07,ZN2610,122034,90546,66483,25950
2026-08-07,ZN2610,122034,90546,66483,25950
2026-08-07,ZN2611,28723,21742,17350,25950
2026-08-07,ZN2611,28723,21742,17350,25950
2026-08-07,ZN2611,28723,21742,17350,25950
2026-08-06,ZN2610,125069,83402,62457,25655
2026-08-06,ZN2610,125069,83402,62457,25655
2026-08-06,ZN2610,125069,83402,62457,25655
2026-08-06,ZN2611,33979,19412,15824,25665
2026-08-06,ZN2611,33979,19412,15824,25665
2026-08-06,ZN2611,33979,19412,15824,25665
2026-08-05,ZN2610,106425,78101,59705,25305
2026-08-05,ZN2610,106425,78101,59705,25305
2026-08-05,ZN2610,106425,78101,59705,25305
2026-08-05,ZN2611,23743,17242,14288,25315
2026-08-05,ZN2611,23743,17242,14288,25315
2026-08-05,ZN2611,23743,17242,14288,25315
2026-08-04,ZN2610,129764,69596,54146,25015
2026-08-04,ZN2610,129764,69596,54146,25015
2026-08-04,ZN2610,129764,69596,54146,25015
2026-08-04,ZN2611,26227,15646,13186,25035
2026-08-04,ZN2611,26227,15646,13186,25035
2026-08-04,ZN2611,26227,15646,13186,25035
2026-08-03,ZN2610,99107,66411,50699,25190
2026-08-03,ZN2610,99107,66411,50699,25190
2026-08-03,ZN2610,99107,66411,50699,25190
2026-08-03,ZN2611,20234,15365,13446,25200
2026-08-03,ZN2611,20234,15365,13446,25200
2026-08-03,ZN2611,20234,15365,13446,25200
2026-07-31,ZN2610,81088,57155,45454,24960
2026-07-31,ZN2610,81088,57155,45454,24960
2026-07-31,ZN2610,81088,57155,45454,24960
2026-07-30,ZN2610,55163,50504,40907,24770
2026-07-30,ZN2610,55163,50504,40907,24770
2026-07-30,ZN2610,55163,50504,40907,24770
2026-07-29,ZN2610,67795,44492,36618,24760
2026-07-29,ZN2610,67795,44492,36618,24760
2026-07-29,ZN2610,67795,44492,36618,24760
2026-07-28,ZN2610,39502,36114,29802,24815
2026-07-28,ZN2610,39502,36114,29802,24815
2026-07-28,ZN2610,39502,36114,29802,24815
2026-07-27,ZN2610,34205,31463,26236,24885
2026-07-27,ZN2610,34205,31463,26236,24885
2026-07-27,ZN2610,34205,31463,26236,24885
2026-07-24,ZN2610,30170,27521,23744,24785
2026-07-24,ZN2610,30170,27521,23744,24785
2026-07-24,ZN2610,30170,27521,23744,24785
2026-07-23,ZN2610,38828,26444,23177,24845
2026-07-23,ZN2610,38828,26444,23177,24845
2026-07-23,ZN2610,38828,26444,23177,24845
2026-07-22,ZN2610,22830,23320,20163,24555
2026-07-22,ZN2610,22830,23320,20163,24555
2026-07-22,ZN2610,22830,23320,20163,24555
2026-07-21,ZN2610,25104,22525,19831,24420
2026-07-21,ZN2610,25104,22525,19831,24420
2026-07-21,ZN2610,25104,22525,19831,24420
2026-07-20,ZN2610,36829,21386,18304,24405
2026-07-20,ZN2610,36829,21386,18304,24405
2026-07-20,ZN2610,36829,21386,18304,24405
2026-07-17,ZN2610,26577,22350,17862,24625
2026-07-17,ZN2610,26577,22350,17862,24625
2026-07-17,ZN2610,26577,22350,17862,24625
2026-07-16,ZN2610,22924,20995,16930,24705
2026-07-16,ZN2610,22924,20995,16930,24705
2026-07-16,ZN2610,22924,20995,16930,24705
2026-07-15,ZN2610,18735,20366,16085,24920
2026-07-15,ZN2610,18735,20366,16085,24920
2026-07-15,ZN2610,18735,20366,16085,24920
2026-07-14,ZN2610,15871,18702,14823,24795
2026-07-14,ZN2610,15871,18702,14823,24795
2026-07-14,ZN2610,15871,18702,14823,24795
2026-07-13,ZN2610,13280,18273,14469,24860
2026-07-13,ZN2610,13280,18273,14469,24860
2026-07-13,ZN2610,13280,18273,14469,24860
2026-07-10,ZN2610,19548,17457,13868,24995
2026-07-10,ZN2610,19548,17457,13868,24995
2026-07-10,ZN2610,19548,17457,13868,24995
2026-07-09,ZN2610,15966,14217,12020,24675
2026-07-09,ZN2610,15966,14217,12020,24675
2026-07-09,ZN2610,15966,14217,12020,24675
