member,date,contract,long_oi,short_oi
金瑞期货,2026-09-17,AL2702,1837,
金瑞期货,2026-09-17,AL2701,2630,
金瑞期货,2026-09-17,AL2612,1576,
金瑞期货,2026-09-17,AL2703,240,
金瑞期货,2026-09-17,AL2610,,1767
金瑞期货,2026-09-16,AL2702,1643,
金瑞期货,2026-09-16,AL2701,2628,
金瑞期货,2026-09-16,AL2612,1558,
金瑞期货,2026-09-16,AL2703,241,
金瑞期货,2026-09-16,AL2610,,1653
金瑞期货,2026-09-15,AL2702,1646,
金瑞期货,2026-09-15,AL2701,2635,
金瑞期货,2026-09-15,AL2612,1557,
金瑞期货,2026-09-15,AL2703,242,
金瑞期货,2026-09-15,AL2610,,2215
金瑞期货,2026-09-14,AL2702,1643,
金瑞期货,2026-09-14,AL2701,2639,
金瑞期货,2026-09-14,AL2612,1358,
金瑞期货,2026-09-14,AL2703,237,
金瑞期货,2026-09-14,AL2611,2212,
金瑞期货,2026-09-14,AL2610,,2938
金瑞期货,2026-09-11,AL2702,1649,
金瑞期货,2026-09-11,AL2701,2617,
金瑞期货,2026-09-11,AL2611,2290,
金瑞期货,2026-09-11,AL2612,1071,
金瑞期货,2026-09-11,AL2610,,3265
金瑞期货,2026-09-10,AL2702,1649,
金瑞期货,2026-09-10,AL2701,2631,
金瑞期货,2026-09-10,AL2611,2265,
金瑞期货,2026-09-10,AL2610,,3970
金瑞期货,2026-09-09,AL2702,1643,
金瑞期货,2026-09-09,AL2701,2635,
金瑞期货,2026-09-09,AL2611,2230,
金瑞期货,2026-09-09,AL2610,,3660
金瑞期货,2026-09-08,AL2702,1666,
金瑞期货,2026-09-08,AL2701,2646,
金瑞期货,2026-09-08,AL2611,2194,
金瑞期货,2026-09-08,AL2610,,3413
金瑞期货,2026-09-07,AL2702,1676,
金瑞期货,2026-09-07,AL2701,2649,
金瑞期货,2026-09-07,AL2611,2197,
金瑞期货,2026-09-07,AL2610,,3053
金瑞期货,2026-09-04,AL2702,1683,
金瑞期货,2026-09-04,AL2701,2648,
金瑞期货,2026-09-04,AL2611,2308,
金瑞期货,2026-09-04,AL2610,,2713
金瑞期货,2026-09-03,AL2702,1681,
金瑞期货,2026-09-03,AL2701,2655,
金瑞期货,2026-09-03,AL2611,2266,
金瑞期货,2026-09-02,AL2702,1681,
金瑞期货,2026-09-02,AL2701,2648,
金瑞期货,2026-09-02,AL2611,2375,
金瑞期货,2026-09-02,AL2610,3295,
金瑞期货,2026-09-01,AL2702,1683,
金瑞期货,2026-09-01,AL2701,2652,
金瑞期货,2026-09-01,AL2611,2295,
金瑞期货,2026-09-01,AL2610,3556,
金瑞期货,2026-08-31,AL2702,1683,
金瑞期货,2026-08-31,AL2701,2658,
金瑞期货,2026-08-31,AL2611,2287,
金瑞期货,2026-08-31,AL2610,3466,
金瑞期货,2026-08-28,AL2702,1681,
金瑞期货,2026-08-28,AL2701,2660,
金瑞期货,2026-08-28,AL2611,2272,
金瑞期货,2026-08-28,AL2610,3480,
金瑞期货,2026-08-27,AL2702,1659,
金瑞期货,2026-08-27,AL2701,2666,
金瑞期货,2026-08-27,AL2611,2269,
金瑞期货,2026-08-27,AL2610,3520,
金瑞期货,2026-08-26,AL2702,1650,
金瑞期货,2026-08-26,AL2701,2665,
金瑞期货,2026-08-26,AL2611,2270,
金瑞期货,2026-08-26,AL2610,3491,
金瑞期货,2026-08-25,AL2701,2661,
金瑞期货,2026-08-25,AL2611,2465,
金瑞期货,2026-08-25,AL2610,3713,
金瑞期货,2026-08-24,AL2701,2642,
金瑞期货,2026-08-24,AL2611,2473,
金瑞期货,2026-08-24,AL2610,4711,
金瑞期货,2026-08-24,AL2612,780,
金瑞期货,2026-08-21,AL2701,2642,
金瑞期货,2026-08-21,AL2611,2474,
金瑞期货,2026-08-21,AL2610,4582,
金瑞期货,2026-08-21,AL2612,780,
金瑞期货,2026-08-20,AL2701,2648,
金瑞期货,2026-08-20,AL2611,2505,
金瑞期货,2026-08-20,AL2610,5090,
金瑞期货,2026-08-20,AL2612,796,
金瑞期货,2026-08-19,AL2701,2647,662
金瑞期货,2026-08-19,AL2611,2473,
金瑞期货,2026-08-19,AL2610,5148,
金瑞期货,2026-08-18,AL2701,2631,665
金瑞期货,2026-08-18,AL2611,2476,
金瑞期货,2026-08-18,AL2610,5389,
金瑞期货,2026-08-18,AL2612,775,
金瑞期货,2026-08-17,AL2701,2202,568
金瑞期货,2026-08-17,AL2611,2471,
金瑞期货,2026-08-17,AL2610,5357,
金瑞期货,2026-08-17,AL2612,767,
金瑞期货,2026-08-14,AL2701,1684,562
金瑞期货,2026-08-14,AL2611,2464,
金瑞期货,2026-08-14,AL2610,5293,
金瑞期货,2026-08-14,AL2612,738,
金瑞期货,2026-08-13,AL2701,1635,
金瑞期货,2026-08-13,AL2611,2466,
金瑞期货,2026-08-13,AL2610,4798,
金瑞期货,2026-08-13,AL2612,727,
金瑞期货,2026-08-12,AL2701,1208,
金瑞期货,2026-08-12,AL2611,2444,
金瑞期货,2026-08-12,AL2610,4752,
金瑞期货,2026-08-12,AL2612,725,
金瑞期货,2026-08-11,AL2701,1217,
金瑞期货,2026-08-11,AL2611,2455,
金瑞期货,2026-08-11,AL2610,4820,
金瑞期货,2026-08-11,AL2612,685,
金瑞期货,2026-08-10,AL2701,1227,
金瑞期货,2026-08-10,AL2611,2460,
金瑞期货,2026-08-10,AL2610,4811,
金瑞期货,2026-08-10,AL2612,690,
金瑞期货,2026-08-07,AL2701,943,
金瑞期货,2026-08-07,AL2611,2474,
金瑞期货,2026-08-07,AL2610,4840,
金瑞期货,2026-08-07,AL2612,690,
金瑞期货,2026-08-06,AL2611,2513,
金瑞期货,2026-08-06,AL2610,4855,
金瑞期货,2026-08-06,AL2701,434,
金瑞期货,2026-08-06,AL2612,690,
金瑞期货,2026-08-05,AL2610,4818,
金瑞期货,2026-08-05,AL2611,2481,
金瑞期货,2026-08-05,AL2701,428,
金瑞期货,2026-08-05,AL2612,692,
金瑞期货,2026-08-04,AL2611,2496,
金瑞期货,2026-08-04,AL2610,4834,
金瑞期货,2026-08-04,AL2701,429,
金瑞期货,2026-08-04,AL2612,706,
金瑞期货,2026-08-03,AL2610,4856,
金瑞期货,2026-08-03,AL2611,2478,
金瑞期货,2026-08-03,AL2701,416,
金瑞期货,2026-08-03,AL2612,700,
金瑞期货,2026-07-31,AL2610,4843,
金瑞期货,2026-07-31,AL2611,2478,
金瑞期货,2026-07-31,AL2701,418,
金瑞期货,2026-07-31,AL2612,713,
金瑞期货,2026-07-30,AL2611,2485,
金瑞期货,2026-07-30,AL2610,4833,
金瑞期货,2026-07-30,AL2701,397,
金瑞期货,2026-07-30,AL2612,717,
金瑞期货,2026-07-29,AL2610,4845,
金瑞期货,2026-07-29,AL2611,2482,
金瑞期货,2026-07-29,AL2701,398,
金瑞期货,2026-07-29,AL2612,715,
金瑞期货,2026-07-28,AL2610,4873,
金瑞期货,2026-07-28,AL2611,2474,
金瑞期货,2026-07-28,AL2701,395,
金瑞期货,2026-07-28,AL2612,705,
金瑞期货,2026-07-27,AL2610,4904,
金瑞期货,2026-07-27,AL2611,2234,
金瑞期货,2026-07-27,AL2701,381,
金瑞期货,2026-07-27,AL2612,676,
金瑞期货,2026-07-24,AL2610,4866,
金瑞期货,2026-07-24,AL2611,2231,
金瑞期货,2026-07-24,AL2701,383,
金瑞期货,2026-07-24,AL2612,667,
金瑞期货,2026-07-23,AL2610,4861,
金瑞期货,2026-07-23,AL2611,1620,
金瑞期货,2026-07-23,AL2701,380,
金瑞期货,2026-07-23,AL2612,670,
金瑞期货,2026-07-22,AL2611,1630,
金瑞期货,2026-07-22,AL2610,3914,
金瑞期货,2026-07-22,AL2701,377,
金瑞期货,2026-07-22,AL2612,677,
金瑞期货,2026-07-21,AL2611,1602,
金瑞期货,2026-07-21,AL2610,2986,
金瑞期货,2026-07-21,AL2701,369,
金瑞期货,2026-07-21,AL2612,643,
金瑞期货,2026-07-20,AL2611,1570,
金瑞期货,2026-07-20,AL2610,2863,
金瑞期货,2026-07-20,AL2701,364,
金瑞期货,2026-07-20,AL2612,584,400
金瑞期货,2026-07-17,AL2611,1557,
金瑞期货,2026-07-17,AL2610,2894,
金瑞期货,2026-07-17,AL2701,367,
金瑞期货,2026-07-17,AL2612,477,
金瑞期货,2026-07-16,AL2611,1557,
金瑞期货,2026-07-16,AL2610,2867,
金瑞期货,2026-07-16,AL2612,477,
金瑞期货,2026-07-15,AL2611,1557,
金瑞期货,2026-07-15,AL2610,2831,
金瑞期货,2026-07-15,AL2612,477,
金瑞期货,2026-07-14,AL2611,1553,
金瑞期货,2026-07-14,AL2610,2719,
金瑞期货,2026-07-14,AL2612,482,
金瑞期货,2026-07-13,AL2611,1553,
金瑞期货,2026-07-13,AL2610,2354,
金瑞期货,2026-07-13,AL2612,478,
金瑞期货,2026-07-10,AL2611,1554,
金瑞期货,2026-07-10,AL2610,2295,
金瑞期货,2026-07-10,AL2612,477,
金瑞期货,2026-07-09,AL2611,1554,
金瑞期货,2026-07-09,AL2610,2290,
金瑞期货,2026-07-09,AL2612,477,
金瑞期货,2026-07-08,AL2611,1549,
金瑞期货,2026-07-08,AL2610,2278,
金瑞期货,2026-07-08,AL2612,475,
金瑞期货,2026-07-07,AL2611,1144,
金瑞期货,2026-07-07,AL2610,2307,
金瑞期货,2026-07-07,AL2612,469,
金瑞期货,2026-07-06,AL2611,1152,
金瑞期货,2026-07-06,AL2610,2305,
金瑞期货,2026-07-06,AL2612,469,
金瑞期货,2026-07-03,AL2611,1145,
金瑞期货,2026-07-03,AL2610,1936,
金瑞期货,2026-07-03,AL2612,472,
金瑞期货,2026-07-02,AL2611,1149,
金瑞期货,2026-07-02,AL2610,1895,
金瑞期货,2026-07-02,AL2612,476,
金瑞期货,2026-07-01,AL2611,1145,
金瑞期货,2026-07-01,AL2610,1906,
金瑞期货,2026-07-01,AL2612,475,
金瑞期货,2026-06-30,AL2610,1862,
金瑞期货,2026-06-30,AL2612,485,
金瑞期货,2026-06-29,AL2610,1670,
金瑞期货,2026-06-29,AL2612,475,
金瑞期货,2026-06-26,AL2610,1357,
金瑞期货,2026-06-26,AL2612,475,
金瑞期货,2026-06-25,AL2610,1321,
金瑞期货,2026-06-25,AL2612,476,
金瑞期货,2026-06-24,AL2610,1280,
金瑞期货,2026-06-24,AL2612,469,
金瑞期货,2026-06-24,AL2611,317,
金瑞期货,2026-06-23,AL2612,462,
金瑞期货,2026-06-23,AL2610,873,
金瑞期货,2026-06-23,AL2611,314,
金瑞期货,2026-06-22,AL2612,456,
金瑞期货,2026-06-22,AL2610,858,
金瑞期货,2026-06-22,AL2611,277,
金瑞期货,2026-06-18,AL2612,455,
金瑞期货,2026-06-18,AL2610,860,
金瑞期货,2026-06-18,AL2611,272,
金瑞期货,2026-06-17,AL2612,455,
金瑞期货,2026-06-17,AL2610,868,
金瑞期货,2026-06-17,AL2611,274,
金瑞期货,2026-06-16,AL2612,455,
金瑞期货,2026-06-16,AL2610,865,
金瑞期货,2026-06-16,AL2611,274,
金瑞期货,2026-06-15,AL2612,455,
金瑞期货,2026-06-15,AL2611,279,
金瑞期货,2026-06-15,AL2610,661,
金瑞期货,2026-06-12,AL2612,458,
金瑞期货,2026-06-12,AL2611,283,
金瑞期货,2026-06-12,AL2610,656,
金瑞期货,2026-06-11,AL2612,459,
金瑞期货,2026-06-11,AL2610,653,
金瑞期货,2026-06-11,AL2611,277,
金瑞期货,2026-06-10,AL2612,456,
金瑞期货,2026-06-10,AL2610,648,
金瑞期货,2026-06-09,AL2612,465,
金瑞期货,2026-06-09,AL2610,648,
金瑞期货,2026-06-08,AL2610,648,
金瑞期货,2026-06-05,AL2610,653,
金瑞期货,2026-06-04,AL2610,648,
金瑞期货,2026-06-03,AL2610,632,
金瑞期货,2026-06-02,AL2610,630,
金瑞期货,2026-06-01,AL2610,636,
金瑞期货,2026-05-29,AL2610,636,
金瑞期货,2026-05-28,AL2610,631,
金瑞期货,2026-05-27,AL2610,629,
金瑞期货,2026-05-26,AL2610,631,
金瑞期货,2026-05-25,AL2610,621,
金瑞期货,2026-05-22,AL2610,627,
金瑞期货,2026-05-21,AL2610,637,
金瑞期货,2026-05-20,AL2610,636,
金瑞期货,2026-05-19,AL2610,637,
金瑞期货,2026-05-18,AL2610,631,
金瑞期货,2026-05-15,AL2610,629,
金瑞期货,2026-05-14,AL2610,636,
金瑞期货,2026-05-13,AL2610,627,
金瑞期货,2026-05-12,AL2610,615,
金瑞期货,2026-05-11,AL2610,604,
金瑞期货,2026-05-08,AL2610,603,
金瑞期货,2026-05-07,AL2610,603,
金瑞期货,2026-05-06,AL2610,609,
金瑞期货,2026-04-30,AL2610,611,
金瑞期货,2026-04-29,AL2610,622,
铜冠金源,2026-09-16,AL2702,,180
铜冠金源,2026-09-15,AL2702,,180
铜冠金源,2026-09-14,AL2702,,180
铜冠金源,2026-09-11,AL2702,,180
中信期货,2026-09-17,AL2703,3176,2575
中信期货,2026-09-17,AL2612,13618,14742
中信期货,2026-09-17,AL2610,17956,27660
中信期货,2026-09-17,AL2611,31772,23806
中信期货,2026-09-17,AL2701,4378,10891
中信期货,2026-09-17,AL2702,1595,1523
中信期货,2026-09-16,AL2612,12664,13916
中信期货,2026-09-16,AL2610,19068,29762
中信期货,2026-09-16,AL2703,2867,2526
中信期货,2026-09-16,AL2611,29883,24122
中信期货,2026-09-16,AL2701,4379,10922
中信期货,2026-09-16,AL2702,1544,1813
中信期货,2026-09-15,AL2612,12117,12177
中信期货,2026-09-15,AL2703,2826,2526
中信期货,2026-09-15,AL2611,27453,22089
中信期货,2026-09-15,AL2610,20448,32335
中信期货,2026-09-15,AL2701,4357,10756
中信期货,2026-09-15,AL2702,1560,1528
中信期货,2026-09-14,AL2610,25017,36197
中信期货,2026-09-14,AL2612,10711,11164
中信期货,2026-09-14,AL2703,2699,2532
中信期货,2026-09-14,AL2611,28231,20348
中信期货,2026-09-14,AL2701,4352,10932
中信期货,2026-09-14,AL2702,1559,1574
中信期货,2026-09-11,AL2610,27570,38255
中信期货,2026-09-11,AL2612,10442,10900
中信期货,2026-09-11,AL2611,28740,21953
中信期货,2026-09-11,AL2701,4275,10077
中信期货,2026-09-11,AL2702,1655,1557
中信期货,2026-09-10,AL2610,28600,38756
中信期货,2026-09-10,AL2611,28796,22915
中信期货,2026-09-10,AL2612,10647,10626
中信期货,2026-09-10,AL2701,3719,10042
中信期货,2026-09-10,AL2702,1457,3207
中信期货,2026-09-09,AL2611,28171,22875
中信期货,2026-09-09,AL2612,10710,10135
中信期货,2026-09-09,AL2610,29537,38890
中信期货,2026-09-09,AL2701,3402,9633
中信期货,2026-09-09,AL2702,1434,1704
中信期货,2026-09-08,AL2610,32216,38888
中信期货,2026-09-08,AL2611,25575,21581
中信期货,2026-09-08,AL2612,10314,9698
中信期货,2026-09-08,AL2701,3334,9364
中信期货,2026-09-08,AL2702,1342,1286
中信期货,2026-09-07,AL2610,32268,38704
中信期货,2026-09-07,AL2612,9801,9444
中信期货,2026-09-07,AL2611,24438,20035
中信期货,2026-09-07,AL2701,3361,9213
中信期货,2026-09-07,AL2702,1374,1284
中信期货,2026-09-04,AL2610,31673,38555
中信期货,2026-09-04,AL2611,22991,19256
中信期货,2026-09-04,AL2612,8819,9830
中信期货,2026-09-04,AL2701,3413,9166
中信期货,2026-09-04,AL2702,1384,1292
中信期货,2026-09-03,AL2611,22842,18820
中信期货,2026-09-03,AL2612,8805,10252
中信期货,2026-09-03,AL2610,31044,38028
中信期货,2026-09-03,AL2702,1382,1320
中信期货,2026-09-03,AL2701,3516,9004
中信期货,2026-09-02,AL2611,20358,16579
中信期货,2026-09-02,AL2612,8879,9600
中信期货,2026-09-02,AL2610,29233,37263
中信期货,2026-09-02,AL2701,3391,8962
中信期货,2026-09-02,AL2702,1385,1344
中信期货,2026-09-01,AL2612,8828,10742
中信期货,2026-09-01,AL2611,19876,17710
中信期货,2026-09-01,AL2610,29882,38226
中信期货,2026-09-01,AL2702,1468,1339
中信期货,2026-09-01,AL2701,3382,8832
中信期货,2026-08-31,AL2611,18966,15296
中信期货,2026-08-31,AL2612,8876,9782
中信期货,2026-08-31,AL2702,1883,1345
中信期货,2026-08-31,AL2610,29012,38937
中信期货,2026-08-31,AL2701,4364,8735
中信期货,2026-08-28,AL2610,30265,39134
中信期货,2026-08-28,AL2611,16313,14086
中信期货,2026-08-28,AL2612,8513,9802
中信期货,2026-08-28,AL2702,1925,1343
中信期货,2026-08-28,AL2701,4337,8726
中信期货,2026-08-27,AL2610,29332,39779
中信期货,2026-08-27,AL2611,16095,12787
中信期货,2026-08-27,AL2612,8513,9941
中信期货,2026-08-27,AL2702,1832,1336
中信期货,2026-08-27,AL2701,4401,8663
中信期货,2026-08-26,AL2610,30187,40433
中信期货,2026-08-26,AL2611,14388,11915
中信期货,2026-08-26,AL2612,8471,9450
中信期货,2026-08-26,AL2702,1664,1366
中信期货,2026-08-26,AL2701,4250,8651
中信期货,2026-08-25,AL2612,8500,9563
中信期货,2026-08-25,AL2611,14602,11431
中信期货,2026-08-25,AL2610,30223,37603
中信期货,2026-08-25,AL2701,4145,8758
中信期货,2026-08-24,AL2612,8529,9578
中信期货,2026-08-24,AL2610,31070,36899
中信期货,2026-08-24,AL2611,13255,9563
中信期货,2026-08-24,AL2701,4104,8255
中信期货,2026-08-21,AL2612,8553,9476
中信期货,2026-08-21,AL2610,33860,35182
中信期货,2026-08-21,AL2611,12559,9648
中信期货,2026-08-21,AL2701,4061,8892
中信期货,2026-08-20,AL2612,8240,9046
中信期货,2026-08-20,AL2610,35207,34064
中信期货,2026-08-20,AL2611,11998,10314
中信期货,2026-08-20,AL2701,4084,7467
中信期货,2026-08-19,AL2612,8288,9024
中信期货,2026-08-19,AL2611,10639,9950
中信期货,2026-08-19,AL2610,37605,33626
中信期货,2026-08-19,AL2701,4117,7571
中信期货,2026-08-18,AL2612,8158,9330
中信期货,2026-08-18,AL2610,37108,32132
中信期货,2026-08-18,AL2701,4154,7820
中信期货,2026-08-18,AL2611,9024,9216
中信期货,2026-08-17,AL2612,8209,9317
中信期货,2026-08-17,AL2610,35853,29858
中信期货,2026-08-17,AL2701,4121,7863
中信期货,2026-08-17,AL2611,8743,10277
中信期货,2026-08-14,AL2701,4151,7617
中信期货,2026-08-14,AL2610,33780,29746
中信期货,2026-08-14,AL2612,8286,9371
中信期货,2026-08-14,AL2611,7190,9697
中信期货,2026-08-13,AL2701,3873,6364
中信期货,2026-08-13,AL2610,33055,30246
中信期货,2026-08-13,AL2612,8169,9363
中信期货,2026-08-13,AL2611,7065,8235
中信期货,2026-08-12,AL2610,32370,28674
中信期货,2026-08-12,AL2701,3880,4988
中信期货,2026-08-12,AL2612,7956,9324
中信期货,2026-08-12,AL2611,7184,8537
中信期货,2026-08-11,AL2610,32347,26902
中信期货,2026-08-11,AL2701,3831,5257
中信期货,2026-08-11,AL2612,8488,9551
中信期货,2026-08-11,AL2611,6943,8008
中信期货,2026-08-10,AL2610,30962,25516
中信期货,2026-08-10,AL2701,3833,5276
中信期货,2026-08-10,AL2612,8477,9729
中信期货,2026-08-10,AL2611,7418,8050
中信期货,2026-08-07,AL2610,29567,23386
中信期货,2026-08-07,AL2612,8491,9740
中信期货,2026-08-07,AL2701,3812,4974
中信期货,2026-08-07,AL2611,6597,8127
中信期货,2026-08-06,AL2610,26941,22595
中信期货,2026-08-06,AL2612,8377,9424
中信期货,2026-08-06,AL2701,3815,4821
中信期货,2026-08-06,AL2611,5850,8158
中信期货,2026-08-05,AL2610,25745,21580
中信期货,2026-08-05,AL2612,8199,9458
中信期货,2026-08-05,AL2701,3702,4833
中信期货,2026-08-05,AL2611,5416,8217
中信期货,2026-08-04,AL2610,25355,20927
中信期货,2026-08-04,AL2701,3680,4918
中信期货,2026-08-04,AL2612,8154,9240
中信期货,2026-08-04,AL2611,5282,8049
中信期货,2026-08-03,AL2701,3725,4613
中信期货,2026-08-03,AL2610,25433,19397
中信期货,2026-08-03,AL2612,7840,8611
中信期货,2026-08-03,AL2611,4878,8097
中信期货,2026-07-31,AL2610,24778,19549
中信期货,2026-07-31,AL2701,3587,4431
中信期货,2026-07-31,AL2612,7806,8551
中信期货,2026-07-31,AL2611,4889,9019
中信期货,2026-07-30,AL2612,7740,8514
中信期货,2026-07-30,AL2701,3507,3577
中信期货,2026-07-30,AL2610,23962,18734
中信期货,2026-07-30,AL2611,4795,7050
中信期货,2026-07-29,AL2610,22866,17356
中信期货,2026-07-29,AL2612,7250,8474
中信期货,2026-07-29,AL2701,3553,3290
中信期货,2026-07-29,AL2611,5178,6478
中信期货,2026-07-28,AL2610,20401,15658
中信期货,2026-07-28,AL2701,3601,2997
中信期货,2026-07-28,AL2612,7306,8483
中信期货,2026-07-28,AL2611,4925,6733
中信期货,2026-07-27,AL2610,20270,15199
中信期货,2026-07-27,AL2612,6925,8520
中信期货,2026-07-27,AL2701,3504,2729
中信期货,2026-07-27,AL2611,4390,6668
中信期货,2026-07-24,AL2701,3471,2695
中信期货,2026-07-24,AL2610,18096,15398
中信期货,2026-07-24,AL2612,6844,8246
中信期货,2026-07-24,AL2611,4194,6498
中信期货,2026-07-23,AL2701,3467,2703
中信期货,2026-07-23,AL2610,16168,17048
中信期货,2026-07-23,AL2612,6692,7485
中信期货,2026-07-23,AL2611,4006,5504
中信期货,2026-07-22,AL2701,3470,2689
中信期货,2026-07-22,AL2610,15650,13989
中信期货,2026-07-22,AL2612,6733,7012
中信期货,2026-07-22,AL2611,4192,5507
中信期货,2026-07-21,AL2612,6613,5964
中信期货,2026-07-21,AL2610,15580,15155
中信期货,2026-07-21,AL2701,3475,2690
中信期货,2026-07-21,AL2611,4134,5572
中信期货,2026-07-20,AL2612,6530,4778
中信期货,2026-07-20,AL2610,15181,15981
中信期货,2026-07-20,AL2701,3402,2645
中信期货,2026-07-20,AL2611,4160,5531
中信期货,2026-07-17,AL2612,6501,4753
中信期货,2026-07-17,AL2610,14747,16058
中信期货,2026-07-17,AL2701,3120,3792
中信期货,2026-07-17,AL2611,4112,5971
中信期货,2026-07-16,AL2610,13595,16440
中信期货,2026-07-16,AL2612,6702,4341
中信期货,2026-07-16,AL2611,4109,5980
中信期货,2026-07-15,AL2610,12106,17357
中信期货,2026-07-15,AL2612,6537,3544
中信期货,2026-07-15,AL2611,3996,5734
中信期货,2026-07-14,AL2610,12224,17029
中信期货,2026-07-14,AL2612,6443,3549
中信期货,2026-07-14,AL2611,3973,5489
中信期货,2026-07-13,AL2610,13322,17028
中信期货,2026-07-13,AL2612,6474,3500
中信期货,2026-07-13,AL2611,3937,5435
中信期货,2026-07-10,AL2610,12497,16733
中信期货,2026-07-10,AL2612,6478,3346
中信期货,2026-07-10,AL2611,3882,6066
中信期货,2026-07-09,AL2610,13193,16813
中信期货,2026-07-09,AL2612,6461,3340
中信期货,2026-07-09,AL2611,3857,6149
中信期货,2026-07-08,AL2610,12334,16724
中信期货,2026-07-08,AL2612,6434,3355
中信期货,2026-07-08,AL2611,3828,5969
中信期货,2026-07-07,AL2610,12127,16712
中信期货,2026-07-07,AL2612,6423,3386
中信期货,2026-07-07,AL2611,3855,5928
中信期货,2026-07-06,AL2610,12183,16760
中信期货,2026-07-06,AL2612,6419,3464
中信期货,2026-07-06,AL2611,3876,5929
中信期货,2026-07-03,AL2610,12658,17148
中信期货,2026-07-03,AL2612,6450,3387
中信期货,2026-07-03,AL2611,3866,5410
中信期货,2026-07-02,AL2610,12772,17232
中信期货,2026-07-02,AL2612,6451,3327
中信期货,2026-07-02,AL2611,3879,5174
中信期货,2026-07-01,AL2610,12422,15886
中信期货,2026-07-01,AL2612,6437,3340
中信期货,2026-07-01,AL2611,3837,4192
中信期货,2026-06-30,AL2610,12244,16076
中信期货,2026-06-30,AL2612,6395,3155
中信期货,2026-06-30,AL2611,2943,3751
中信期货,2026-06-29,AL2610,12794,14526
中信期货,2026-06-29,AL2612,6358,3224
中信期货,2026-06-29,AL2611,2967,3665
中信期货,2026-06-26,AL2610,12413,13705
中信期货,2026-06-26,AL2612,5986,3235
中信期货,2026-06-26,AL2611,2898,3939
中信期货,2026-06-25,AL2610,11989,13970
中信期货,2026-06-25,AL2612,6010,3290
中信期货,2026-06-25,AL2611,2947,3898
中信期货,2026-06-24,AL2610,11587,11721
中信期货,2026-06-24,AL2612,5351,3261
中信期货,2026-06-24,AL2611,2839,2457
中信期货,2026-06-23,AL2610,11200,11459
中信期货,2026-06-23,AL2612,3759,2748
中信期货,2026-06-23,AL2611,2730,1985
中信期货,2026-06-22,AL2610,10646,11992
中信期货,2026-06-22,AL2612,2611,2706
中信期货,2026-06-22,AL2611,2521,918
中信期货,2026-06-18,AL2610,10652,11770
中信期货,2026-06-18,AL2611,2517,898
中信期货,2026-06-18,AL2612,1726,2695
中信期货,2026-06-17,AL2610,10633,12117
中信期货,2026-06-17,AL2611,2507,759
中信期货,2026-06-17,AL2612,1723,2586
中信期货,2026-06-16,AL2610,10414,12063
中信期货,2026-06-16,AL2611,2501,762
中信期货,2026-06-16,AL2612,1718,2587
中信期货,2026-06-15,AL2610,9776,9466
中信期货,2026-06-15,AL2611,2521,712
中信期货,2026-06-15,AL2612,1737,2589
中信期货,2026-06-12,AL2610,8320,9473
中信期货,2026-06-12,AL2611,2517,698
中信期货,2026-06-12,AL2612,1724,2566
中信期货,2026-06-11,AL2610,8340,8568
中信期货,2026-06-11,AL2611,2466,586
中信期货,2026-06-11,AL2612,1724,2521
中信期货,2026-06-10,AL2610,8324,8810
中信期货,2026-06-10,AL2612,1716,2432
中信期货,2026-06-09,AL2610,7797,9795
中信期货,2026-06-09,AL2612,1699,2423
中信期货,2026-06-08,AL2610,7789,9898
中信期货,2026-06-05,AL2610,7901,9362
中信期货,2026-06-04,AL2610,6998,9358
中信期货,2026-06-03,AL2610,7247,9378
中信期货,2026-06-02,AL2610,6969,9281
中信期货,2026-06-01,AL2610,8422,9235
中信期货,2026-05-29,AL2610,8212,9236
中信期货,2026-05-28,AL2610,8123,9265
中信期货,2026-05-27,AL2610,6099,9233
中信期货,2026-05-26,AL2610,6111,9213
中信期货,2026-05-25,AL2610,5400,9070
中信期货,2026-05-22,AL2610,4864,8780
中信期货,2026-05-21,AL2610,4069,8309
中信期货,2026-05-20,AL2610,3892,7934
中信期货,2026-05-19,AL2610,3447,7541
中信期货,2026-05-18,AL2610,2990,7828
中信期货,2026-05-15,AL2610,2965,7893
中信期货,2026-05-14,AL2610,2889,7952
中信期货,2026-05-13,AL2610,2826,7749
中信期货,2026-05-12,AL2610,2737,7253
中信期货,2026-05-11,AL2610,2598,6953
中信期货,2026-05-08,AL2610,1838,5765
中信期货,2026-05-07,AL2610,1842,5616
中信期货,2026-05-06,AL2610,1736,5592
中信期货,2026-04-30,AL2610,1679,5092
中信期货,2026-04-29,AL2610,1650,5213
国泰君安,2026-09-17,AL2611,21477,31364
国泰君安,2026-09-17,AL2610,16939,21545
国泰君安,2026-09-17,AL2612,8430,7814
国泰君安,2026-09-17,AL2702,2017,2296
国泰君安,2026-09-17,AL2703,1831,1870
国泰君安,2026-09-17,AL2701,3920,3574
国泰君安,2026-09-16,AL2610,18393,22351
国泰君安,2026-09-16,AL2612,8203,7510
国泰君安,2026-09-16,AL2702,1987,2400
国泰君安,2026-09-16,AL2703,1732,1713
国泰君安,2026-09-16,AL2611,19932,29938
国泰君安,2026-09-16,AL2701,3992,3452
国泰君安,2026-09-15,AL2610,20779,22017
国泰君安,2026-09-15,AL2702,1754,2518
国泰君安,2026-09-15,AL2612,7981,7466
国泰君安,2026-09-15,AL2703,1525,1710
国泰君安,2026-09-15,AL2611,16830,28613
国泰君安,2026-09-15,AL2701,3706,3339
国泰君安,2026-09-14,AL2610,23596,24441
国泰君安,2026-09-14,AL2612,7131,7255
国泰君安,2026-09-14,AL2702,1742,1595
国泰君安,2026-09-14,AL2703,1660,1579
国泰君安,2026-09-14,AL2611,15944,28130
国泰君安,2026-09-14,AL2701,3682,3135
国泰君安,2026-09-11,AL2610,25490,25736
国泰君安,2026-09-11,AL2612,7183,6930
国泰君安,2026-09-11,AL2611,16579,24419
国泰君安,2026-09-11,AL2701,3601,3165
国泰君安,2026-09-11,AL2702,1628,1782
国泰君安,2026-09-10,AL2610,27843,27125
国泰君安,2026-09-10,AL2612,7162,6518
国泰君安,2026-09-10,AL2701,3627,2898
国泰君安,2026-09-10,AL2611,17712,21871
国泰君安,2026-09-10,AL2702,1566,1870
国泰君安,2026-09-09,AL2610,29847,26301
国泰君安,2026-09-09,AL2612,7002,6873
国泰君安,2026-09-09,AL2702,1444,2797
国泰君安,2026-09-09,AL2611,17360,21331
国泰君安,2026-09-09,AL2701,3617,4936
国泰君安,2026-09-08,AL2612,6862,10153
国泰君安,2026-09-08,AL2610,30442,26879
国泰君安,2026-09-08,AL2702,1530,3189
国泰君安,2026-09-08,AL2611,15478,21508
国泰君安,2026-09-08,AL2701,3648,7427
国泰君安,2026-09-07,AL2612,6749,10401
国泰君安,2026-09-07,AL2610,28942,27822
国泰君安,2026-09-07,AL2611,14530,23362
国泰君安,2026-09-07,AL2702,1506,3172
国泰君安,2026-09-07,AL2701,3570,7345
国泰君安,2026-09-04,AL2612,6738,10468
国泰君安,2026-09-04,AL2610,29960,27094
国泰君安,2026-09-04,AL2611,14930,22338
国泰君安,2026-09-04,AL2702,1401,3187
国泰君安,2026-09-04,AL2701,3408,7339
国泰君安,2026-09-03,AL2610,31095,26773
国泰君安,2026-09-03,AL2612,6939,10451
国泰君安,2026-09-03,AL2611,15437,21060
国泰君安,2026-09-03,AL2701,3589,7219
国泰君安,2026-09-03,AL2702,1346,3191
国泰君安,2026-09-02,AL2610,29427,29954
国泰君安,2026-09-02,AL2612,6742,10436
国泰君安,2026-09-02,AL2611,14664,22490
国泰君安,2026-09-02,AL2702,1226,3373
国泰君安,2026-09-02,AL2701,3377,7379
国泰君安,2026-09-01,AL2610,30061,31794
国泰君安,2026-09-01,AL2611,14913,22457
国泰君安,2026-09-01,AL2612,6753,10403
国泰君安,2026-09-01,AL2701,3408,7686
国泰君安,2026-09-01,AL2702,1222,3441
国泰君安,2026-08-31,AL2610,29433,32183
国泰君安,2026-08-31,AL2612,6789,10412
国泰君安,2026-08-31,AL2611,14721,22520
国泰君安,2026-08-31,AL2702,1200,3499
国泰君安,2026-08-31,AL2701,3201,8049
国泰君安,2026-08-28,AL2611,14224,20355
国泰君安,2026-08-28,AL2612,6700,10512
国泰君安,2026-08-28,AL2610,28310,31995
国泰君安,2026-08-28,AL2702,1114,3463
国泰君安,2026-08-28,AL2701,3174,8012
国泰君安,2026-08-27,AL2611,13323,20077
国泰君安,2026-08-27,AL2612,6753,10512
国泰君安,2026-08-27,AL2610,27492,33476
国泰君安,2026-08-27,AL2702,1026,2380
国泰君安,2026-08-27,AL2701,3157,8015
国泰君安,2026-08-26,AL2612,6728,10332
国泰君安,2026-08-26,AL2611,12013,19051
国泰君安,2026-08-26,AL2610,27843,36229
国泰君安,2026-08-26,AL2702,1024,1591
国泰君安,2026-08-26,AL2701,3032,7212
国泰君安,2026-08-25,AL2610,28311,40685
国泰君安,2026-08-25,AL2611,10882,18230
国泰君安,2026-08-25,AL2612,6745,8617
国泰君安,2026-08-25,AL2701,2857,4993
国泰君安,2026-08-24,AL2610,27105,40625
国泰君安,2026-08-24,AL2611,10572,17579
国泰君安,2026-08-24,AL2612,6448,7556
国泰君安,2026-08-24,AL2701,2760,3934
国泰君安,2026-08-21,AL2610,26147,41802
国泰君安,2026-08-21,AL2611,10483,17065
国泰君安,2026-08-21,AL2612,6651,7584
国泰君安,2026-08-21,AL2701,2717,4218
国泰君安,2026-08-20,AL2610,25389,41901
国泰君安,2026-08-20,AL2611,10341,16882
国泰君安,2026-08-20,AL2612,6698,7497
国泰君安,2026-08-20,AL2701,2653,4578
国泰君安,2026-08-19,AL2610,24804,41893
国泰君安,2026-08-19,AL2611,10094,13728
国泰君安,2026-08-19,AL2612,6513,7086
国泰君安,2026-08-19,AL2701,2389,4045
国泰君安,2026-08-18,AL2611,9728,12085
国泰君安,2026-08-18,AL2610,22274,37328
国泰君安,2026-08-18,AL2612,6201,6699
国泰君安,2026-08-18,AL2701,2318,3507
国泰君安,2026-08-17,AL2611,8997,10978
国泰君安,2026-08-17,AL2610,20968,33706
国泰君安,2026-08-17,AL2612,5317,6803
国泰君安,2026-08-17,AL2701,2234,3055
国泰君安,2026-08-14,AL2611,7251,9094
国泰君安,2026-08-14,AL2612,5295,6180
国泰君安,2026-08-14,AL2610,19300,28874
国泰君安,2026-08-14,AL2701,2190,2748
国泰君安,2026-08-13,AL2611,7105,7876
国泰君安,2026-08-13,AL2612,5285,5711
国泰君安,2026-08-13,AL2610,19618,24412
国泰君安,2026-08-13,AL2701,1795,2268
国泰君安,2026-08-12,AL2611,7269,7830
国泰君安,2026-08-12,AL2612,5270,5918
国泰君安,2026-08-12,AL2610,18888,22737
国泰君安,2026-08-12,AL2701,1766,2237
国泰君安,2026-08-11,AL2611,7255,7308
国泰君安,2026-08-11,AL2612,5259,6180
国泰君安,2026-08-11,AL2610,18411,21334
国泰君安,2026-08-11,AL2701,1774,1900
国泰君安,2026-08-10,AL2610,17981,20876
国泰君安,2026-08-10,AL2611,7114,5420
国泰君安,2026-08-10,AL2612,4455,6441
国泰君安,2026-08-10,AL2701,1783,1814
国泰君安,2026-08-07,AL2611,6954,5181
国泰君安,2026-08-07,AL2610,16193,19410
国泰君安,2026-08-07,AL2701,2105,1772
国泰君安,2026-08-07,AL2612,4431,6605
国泰君安,2026-08-06,AL2611,7149,5772
国泰君安,2026-08-06,AL2610,14508,19064
国泰君安,2026-08-06,AL2701,2103,1372
国泰君安,2026-08-06,AL2612,4507,6914
国泰君安,2026-08-05,AL2611,7175,6063
国泰君安,2026-08-05,AL2610,14013,18189
国泰君安,2026-08-05,AL2612,4805,6868
国泰君安,2026-08-05,AL2701,2098,1276
国泰君安,2026-08-04,AL2611,7030,5925
国泰君安,2026-08-04,AL2610,13662,17761
国泰君安,2026-08-04,AL2612,4820,6805
国泰君安,2026-08-04,AL2701,1981,1245
国泰君安,2026-08-03,AL2611,6957,7026
国泰君安,2026-08-03,AL2612,4883,7654
国泰君安,2026-08-03,AL2610,13037,15986
国泰君安,2026-08-03,AL2701,1787,1208
国泰君安,2026-07-31,AL2611,6940,5963
国泰君安,2026-07-31,AL2610,13135,16535
国泰君安,2026-07-31,AL2612,4221,7442
国泰君安,2026-07-31,AL2701,1687,1217
国泰君安,2026-07-30,AL2611,6590,6461
国泰君安,2026-07-30,AL2610,12784,16593
国泰君安,2026-07-30,AL2612,4248,7571
国泰君安,2026-07-30,AL2701,1685,1271
国泰君安,2026-07-29,AL2611,6179,6688
国泰君安,2026-07-29,AL2701,1670,1239
国泰君安,2026-07-29,AL2612,5401,7694
国泰君安,2026-07-29,AL2610,12475,13875
国泰君安,2026-07-28,AL2611,6361,6223
国泰君安,2026-07-28,AL2612,4648,7156
国泰君安,2026-07-28,AL2610,11554,11612
国泰君安,2026-07-28,AL2701,1524,905
国泰君安,2026-07-27,AL2611,5978,5076
国泰君安,2026-07-27,AL2610,9472,9238
国泰君安,2026-07-27,AL2612,4566,5731
国泰君安,2026-07-27,AL2701,1412,1235
国泰君安,2026-07-24,AL2611,5170,4587
国泰君安,2026-07-24,AL2610,9413,9138
国泰君安,2026-07-24,AL2612,4552,5254
国泰君安,2026-07-24,AL2701,1215,1313
国泰君安,2026-07-23,AL2611,4943,4622
国泰君安,2026-07-23,AL2610,9173,8543
国泰君安,2026-07-23,AL2612,4563,5250
国泰君安,2026-07-23,AL2701,1205,1265
国泰君安,2026-07-22,AL2611,4957,4685
国泰君安,2026-07-22,AL2612,4556,5124
国泰君安,2026-07-22,AL2610,9030,8782
国泰君安,2026-07-22,AL2701,1009,1289
国泰君安,2026-07-21,AL2611,4991,3218
国泰君安,2026-07-21,AL2612,3077,5187
国泰君安,2026-07-21,AL2610,9127,8093
国泰君安,2026-07-21,AL2701,821,1286
国泰君安,2026-07-20,AL2611,4606,2906
国泰君安,2026-07-20,AL2612,2833,4498
国泰君安,2026-07-20,AL2610,8361,6608
国泰君安,2026-07-20,AL2701,826,1684
国泰君安,2026-07-17,AL2611,4563,2550
国泰君安,2026-07-17,AL2612,2862,4491
国泰君安,2026-07-17,AL2610,8064,5910
国泰君安,2026-07-17,AL2701,702,1533
国泰君安,2026-07-16,AL2611,4599,2478
国泰君安,2026-07-16,AL2612,2886,4527
国泰君安,2026-07-16,AL2610,7875,5605
国泰君安,2026-07-15,AL2611,4582,1954
国泰君安,2026-07-15,AL2612,2888,4389
国泰君安,2026-07-15,AL2610,7731,5646
国泰君安,2026-07-14,AL2611,4573,1999
国泰君安,2026-07-14,AL2612,2867,4388
国泰君安,2026-07-14,AL2610,7710,5426
国泰君安,2026-07-13,AL2611,4419,1981
国泰君安,2026-07-13,AL2612,2847,4381
国泰君安,2026-07-13,AL2610,7870,5547
国泰君安,2026-07-10,AL2611,4408,1680
国泰君安,2026-07-10,AL2612,2861,4523
国泰君安,2026-07-10,AL2610,6797,4977
国泰君安,2026-07-09,AL2611,4445,1642
国泰君安,2026-07-09,AL2612,2870,4515
国泰君安,2026-07-09,AL2610,6686,5112
国泰君安,2026-07-08,AL2611,4448,1629
国泰君安,2026-07-08,AL2612,2893,4383
国泰君安,2026-07-08,AL2610,6746,4824
国泰君安,2026-07-07,AL2611,4457,1607
国泰君安,2026-07-07,AL2612,3189,4375
国泰君安,2026-07-07,AL2610,6837,4547
国泰君安,2026-07-06,AL2611,4430,1569
国泰君安,2026-07-06,AL2612,3615,4293
国泰君安,2026-07-06,AL2610,6862,5671
国泰君安,2026-07-03,AL2611,4531,1559
国泰君安,2026-07-03,AL2612,3459,4276
国泰君安,2026-07-03,AL2610,6985,6438
国泰君安,2026-07-02,AL2611,4478,1619
国泰君安,2026-07-02,AL2612,3449,4240
国泰君安,2026-07-02,AL2610,6848,7078
国泰君安,2026-07-01,AL2611,4437,1665
国泰君安,2026-07-01,AL2612,3463,4379
国泰君安,2026-07-01,AL2610,6833,6740
国泰君安,2026-06-30,AL2611,3931,961
国泰君安,2026-06-30,AL2612,3216,4415
国泰君安,2026-06-30,AL2610,6717,6344
国泰君安,2026-06-29,AL2611,3748,863
国泰君安,2026-06-29,AL2612,3165,4565
国泰君安,2026-06-29,AL2610,6489,5035
国泰君安,2026-06-26,AL2611,3694,1071
国泰君安,2026-06-26,AL2612,3068,4477
国泰君安,2026-06-26,AL2610,6311,4870
国泰君安,2026-06-25,AL2611,3648,958
国泰君安,2026-06-25,AL2612,3051,4440
国泰君安,2026-06-25,AL2610,6378,4986
国泰君安,2026-06-24,AL2611,3019,827
国泰君安,2026-06-24,AL2612,2375,4253
国泰君安,2026-06-24,AL2610,6237,4545
国泰君安,2026-06-23,AL2612,2013,3808
国泰君安,2026-06-23,AL2610,6107,3427
国泰君安,2026-06-23,AL2611,2696,810
国泰君安,2026-06-22,AL2610,5989,1573
国泰君安,2026-06-22,AL2611,2402,547
国泰君安,2026-06-22,AL2612,1562,3751
国泰君安,2026-06-18,AL2610,6070,1775
国泰君安,2026-06-18,AL2611,2394,608
国泰君安,2026-06-18,AL2612,1623,3725
国泰君安,2026-06-17,AL2610,6113,1357
国泰君安,2026-06-17,AL2611,2386,605
国泰君安,2026-06-17,AL2612,1629,3702
国泰君安,2026-06-16,AL2610,6153,1383
国泰君安,2026-06-16,AL2611,2386,547
国泰君安,2026-06-16,AL2612,1602,3699
国泰君安,2026-06-15,AL2611,2379,546
国泰君安,2026-06-15,AL2610,5932,538
国泰君安,2026-06-15,AL2612,1594,3649
国泰君安,2026-06-12,AL2611,2377,544
国泰君安,2026-06-12,AL2610,5959,341
国泰君安,2026-06-12,AL2612,1594,3650
国泰君安,2026-06-11,AL2611,2381,533
国泰君安,2026-06-11,AL2610,5919,
国泰君安,2026-06-11,AL2612,1377,3646
国泰君安,2026-06-10,AL2610,5912,
国泰君安,2026-06-10,AL2612,1195,3445
国泰君安,2026-06-09,AL2610,5858,
国泰君安,2026-06-09,AL2612,1170,3429
国泰君安,2026-06-08,AL2610,5571,
国泰君安,2026-06-05,AL2610,5432,
国泰君安,2026-06-04,AL2610,5433,
国泰君安,2026-06-03,AL2610,5400,
国泰君安,2026-06-02,AL2610,5357,
国泰君安,2026-06-01,AL2610,4537,196
国泰君安,2026-05-29,AL2610,4501,189
国泰君安,2026-05-28,AL2610,4446,
国泰君安,2026-05-27,AL2610,4315,160
国泰君安,2026-05-26,AL2610,3933,162
国泰君安,2026-05-25,AL2610,3702,132
国泰君安,2026-05-22,AL2610,3278,122
国泰君安,2026-05-21,AL2610,3018,120
国泰君安,2026-05-20,AL2610,2932,765
国泰君安,2026-05-19,AL2610,2912,753
国泰君安,2026-05-18,AL2610,2623,841
国泰君安,2026-05-15,AL2610,2408,826
国泰君安,2026-05-14,AL2610,2588,829
国泰君安,2026-05-13,AL2610,2571,785
国泰君安,2026-05-12,AL2610,2401,850
国泰君安,2026-05-11,AL2610,2315,822
国泰君安,2026-05-08,AL2610,1974,810
国泰君安,2026-05-07,AL2610,1897,866
国泰君安,2026-05-06,AL2610,2196,877
国泰君安,2026-04-30,AL2610,1495,868
国泰君安,2026-04-29,AL2610,1445,862
永安期货,2026-09-17,AL2610,3916,3116
永安期货,2026-09-17,AL2611,5400,6241
永安期货,2026-09-17,AL2701,714,1745
永安期货,2026-09-17,AL2612,1337,3449
永安期货,2026-09-17,AL2703,,2215
永安期货,2026-09-17,AL2702,,1667
永安期货,2026-09-16,AL2610,4002,3230
永安期货,2026-09-16,AL2611,4634,5643
永安期货,2026-09-16,AL2701,729,1797
永安期货,2026-09-16,AL2612,1281,3345
永安期货,2026-09-16,AL2703,,2121
永安期货,2026-09-16,AL2702,,1724
永安期货,2026-09-15,AL2610,4466,3333
永安期货,2026-09-15,AL2611,4109,5651
永安期货,2026-09-15,AL2612,1281,3332
永安期货,2026-09-15,AL2701,516,1818
永安期货,2026-09-15,AL2702,,1800
永安期货,2026-09-15,AL2703,,1681
永安期货,2026-09-14,AL2610,4984,3626
永安期货,2026-09-14,AL2611,4242,7538
永安期货,2026-09-14,AL2612,1217,3358
永安期货,2026-09-14,AL2702,,2033
永安期货,2026-09-14,AL2703,,1500
永安期货,2026-09-14,AL2701,,1907
永安期货,2026-09-11,AL2610,6087,3790
永安期货,2026-09-11,AL2611,3265,7717
永安期货,2026-09-11,AL2612,1236,3336
永安期货,2026-09-11,AL2702,,2180
永安期货,2026-09-11,AL2701,,1924
永安期货,2026-09-10,AL2610,6659,3929
永安期货,2026-09-10,AL2611,3016,8244
永安期货,2026-09-10,AL2612,1264,3342
永安期货,2026-09-10,AL2702,,1914
永安期货,2026-09-10,AL2701,,1860
永安期货,2026-09-09,AL2610,7360,3982
永安期货,2026-09-09,AL2611,2624,7026
永安期货,2026-09-09,AL2612,1288,3461
永安期货,2026-09-09,AL2702,,1537
永安期货,2026-09-09,AL2701,,1961
永安期货,2026-09-08,AL2610,7523,3864
永安期货,2026-09-08,AL2612,1301,3893
永安期货,2026-09-08,AL2701,,1810
永安期货,2026-09-08,AL2702,,1124
永安期货,2026-09-08,AL2611,,9004
永安期货,2026-09-07,AL2610,7645,4054
永安期货,2026-09-07,AL2612,1315,3886
永安期货,2026-09-07,AL2702,,1124
永安期货,2026-09-07,AL2701,,1751
永安期货,2026-09-07,AL2611,,7955
永安期货,2026-09-04,AL2610,8197,4751
永安期货,2026-09-04,AL2612,1347,3795
永安期货,2026-09-04,AL2702,,1193
永安期货,2026-09-04,AL2611,,6963
永安期货,2026-09-04,AL2701,,1601
永安期货,2026-09-03,AL2610,8294,4690
永安期货,2026-09-03,AL2612,1487,3796
永安期货,2026-09-03,AL2702,,1123
永安期货,2026-09-03,AL2701,,1700
永安期货,2026-09-03,AL2611,,6821
永安期货,2026-09-02,AL2610,6993,7281
永安期货,2026-09-02,AL2612,1465,3778
永安期货,2026-09-02,AL2702,,1123
永安期货,2026-09-02,AL2701,,1702
永安期货,2026-09-02,AL2611,,7125
永安期货,2026-09-01,AL2610,7254,8950
永安期货,2026-09-01,AL2612,1488,3802
永安期货,2026-09-01,AL2611,1808,7084
永安期货,2026-09-01,AL2702,,1125
永安期货,2026-09-01,AL2701,,1712
永安期货,2026-08-31,AL2610,7009,8852
永安期货,2026-08-31,AL2612,1539,3826
永安期货,2026-08-31,AL2611,1661,7333
永安期货,2026-08-31,AL2702,,1225
永安期货,2026-08-31,AL2701,,1712
永安期货,2026-08-28,AL2610,6949,10581
永安期货,2026-08-28,AL2612,1552,4099
永安期货,2026-08-28,AL2611,1464,7079
永安期货,2026-08-28,AL2701,,1755
永安期货,2026-08-28,AL2702,,1125
永安期货,2026-08-27,AL2610,6613,10877
永安期货,2026-08-27,AL2612,1572,4101
永安期货,2026-08-27,AL2702,,1126
永安期货,2026-08-27,AL2701,,1793
永安期货,2026-08-27,AL2611,,6319
永安期货,2026-08-26,AL2610,7810,11554
永安期货,2026-08-26,AL2612,1567,4097
永安期货,2026-08-26,AL2702,,2085
永安期货,2026-08-26,AL2701,,1735
永安期货,2026-08-26,AL2611,,5637
永安期货,2026-08-25,AL2610,7742,10670
永安期货,2026-08-25,AL2612,1561,3986
永安期货,2026-08-25,AL2701,,1542
永安期货,2026-08-25,AL2611,,5411
永安期货,2026-08-24,AL2610,7746,8984
永安期货,2026-08-24,AL2612,1550,3890
永安期货,2026-08-24,AL2611,,5282
永安期货,2026-08-24,AL2701,,1396
永安期货,2026-08-21,AL2610,7132,8976
永安期货,2026-08-21,AL2612,1553,3898
永安期货,2026-08-21,AL2611,,5239
永安期货,2026-08-21,AL2701,,1381
永安期货,2026-08-20,AL2612,1553,3862
永安期货,2026-08-20,AL2610,6332,9814
永安期货,2026-08-20,AL2611,,4667
永安期货,2026-08-20,AL2701,,1479
永安期货,2026-08-19,AL2610,6359,10502
永安期货,2026-08-19,AL2612,1550,3545
永安期货,2026-08-19,AL2611,,4342
永安期货,2026-08-19,AL2701,,1531
永安期货,2026-08-18,AL2610,6125,8782
永安期货,2026-08-18,AL2612,1507,3517
永安期货,2026-08-18,AL2611,,4153
永安期货,2026-08-18,AL2701,,1509
永安期货,2026-08-17,AL2612,1502,3459
永安期货,2026-08-17,AL2610,6091,8206
永安期货,2026-08-17,AL2611,,4102
永安期货,2026-08-17,AL2701,,1500
永安期货,2026-08-14,AL2610,6325,5832
永安期货,2026-08-14,AL2612,1546,3474
永安期货,2026-08-14,AL2611,,3928
永安期货,2026-08-14,AL2701,,1645
永安期货,2026-08-13,AL2610,6628,5306
永安期货,2026-08-13,AL2612,1423,3470
永安期货,2026-08-13,AL2701,,1551
永安期货,2026-08-13,AL2611,,3582
永安期货,2026-08-12,AL2610,6690,4447
永安期货,2026-08-12,AL2612,1412,3475
永安期货,2026-08-12,AL2611,,3520
永安期货,2026-08-12,AL2701,,1363
永安期货,2026-08-11,AL2610,6528,4196
永安期货,2026-08-11,AL2612,1314,3427
永安期货,2026-08-11,AL2611,,3518
永安期货,2026-08-11,AL2701,,1355
永安期货,2026-08-10,AL2610,5993,4098
永安期货,2026-08-10,AL2612,1298,3440
永安期货,2026-08-10,AL2701,,1367
永安期货,2026-08-10,AL2611,,3528
永安期货,2026-08-07,AL2610,5763,4617
永安期货,2026-08-07,AL2612,1311,3468
永安期货,2026-08-07,AL2701,,1367
永安期货,2026-08-07,AL2611,,3518
永安期货,2026-08-06,AL2610,5475,3689
永安期货,2026-08-06,AL2612,1183,4037
永安期货,2026-08-06,AL2701,,1388
永安期货,2026-08-06,AL2611,,3839
永安期货,2026-08-05,AL2610,4540,3882
永安期货,2026-08-05,AL2612,1158,3759
永安期货,2026-08-05,AL2701,,1322
永安期货,2026-08-05,AL2611,,3565
永安期货,2026-08-04,AL2610,4428,3733
永安期货,2026-08-04,AL2612,1215,3696
永安期货,2026-08-04,AL2701,,1311
永安期货,2026-08-04,AL2611,,3419
永安期货,2026-08-03,AL2610,4262,3628
永安期货,2026-08-03,AL2612,1167,3713
永安期货,2026-08-03,AL2611,,3448
永安期货,2026-08-03,AL2701,,911
永安期货,2026-07-31,AL2610,3952,3959
永安期货,2026-07-31,AL2612,1130,3540
永安期货,2026-07-31,AL2611,,4319
永安期货,2026-07-31,AL2701,,870
永安期货,2026-07-30,AL2610,3750,4013
永安期货,2026-07-30,AL2612,1060,3425
永安期货,2026-07-30,AL2611,,4340
永安期货,2026-07-30,AL2701,,860
永安期货,2026-07-29,AL2612,1102,3428
永安期货,2026-07-29,AL2610,3020,3120
永安期货,2026-07-29,AL2611,,4337
永安期货,2026-07-29,AL2701,,860
永安期货,2026-07-28,AL2611,791,4302
永安期货,2026-07-28,AL2612,535,3273
永安期货,2026-07-28,AL2610,1222,3099
永安期货,2026-07-28,AL2701,,844
永安期货,2026-07-27,AL2611,787,4256
永安期货,2026-07-27,AL2612,532,3150
永安期货,2026-07-27,AL2610,1127,2994
永安期货,2026-07-27,AL2701,,1146
永安期货,2026-07-24,AL2611,777,4276
永安期货,2026-07-24,AL2612,531,3239
永安期货,2026-07-24,AL2610,1001,2995
永安期货,2026-07-24,AL2701,,1141
永安期货,2026-07-23,AL2611,777,4263
永安期货,2026-07-23,AL2612,519,3253
永安期货,2026-07-23,AL2610,913,3129
永安期货,2026-07-23,AL2701,,811
永安期货,2026-07-22,AL2611,788,4274
永安期货,2026-07-22,AL2612,513,3255
永安期货,2026-07-22,AL2701,,880
永安期货,2026-07-22,AL2610,,3415
永安期货,2026-07-21,AL2611,785,4581
永安期货,2026-07-21,AL2612,511,3228
永安期货,2026-07-21,AL2701,,904
永安期货,2026-07-21,AL2610,,3233
永安期货,2026-07-20,AL2611,766,4192
永安期货,2026-07-20,AL2612,505,3236
永安期货,2026-07-20,AL2610,980,2902
永安期货,2026-07-20,AL2701,,904
永安期货,2026-07-17,AL2611,752,3091
永安期货,2026-07-17,AL2610,980,2265
永安期货,2026-07-17,AL2701,,865
永安期货,2026-07-17,AL2612,,2428
永安期货,2026-07-16,AL2611,731,3091
永安期货,2026-07-16,AL2610,898,2277
永安期货,2026-07-16,AL2612,,2426
永安期货,2026-07-15,AL2611,733,3092
永安期货,2026-07-15,AL2610,896,2084
永安期货,2026-07-15,AL2612,,2432
永安期货,2026-07-14,AL2611,732,3101
永安期货,2026-07-14,AL2610,850,2123
永安期货,2026-07-14,AL2612,,2453
永安期货,2026-07-13,AL2611,732,3092
永安期货,2026-07-13,AL2610,866,1160
永安期货,2026-07-13,AL2612,,2455
永安期货,2026-07-10,AL2611,802,3092
永安期货,2026-07-10,AL2610,857,1270
永安期货,2026-07-10,AL2612,,2467
永安期货,2026-07-09,AL2611,802,3092
永安期货,2026-07-09,AL2610,853,1023
永安期货,2026-07-09,AL2612,,2476
永安期货,2026-07-08,AL2611,802,3092
永安期货,2026-07-08,AL2610,864,870
永安期货,2026-07-08,AL2612,,2486
永安期货,2026-07-07,AL2611,802,3082
永安期货,2026-07-07,AL2610,869,1038
永安期货,2026-07-07,AL2612,,2487
永安期货,2026-07-06,AL2611,802,3099
永安期货,2026-07-06,AL2610,930,1216
永安期货,2026-07-06,AL2612,,2507
永安期货,2026-07-03,AL2611,802,3171
永安期货,2026-07-03,AL2610,938,977
永安期货,2026-07-03,AL2612,,2510
永安期货,2026-07-02,AL2611,812,3242
永安期货,2026-07-02,AL2610,982,1244
永安期货,2026-07-02,AL2612,,2351
永安期货,2026-07-01,AL2611,812,3218
永安期货,2026-07-01,AL2610,981,1214
永安期货,2026-07-01,AL2612,,2351
永安期货,2026-06-30,AL2611,783,2933
永安期货,2026-06-30,AL2610,950,1196
永安期货,2026-06-30,AL2612,,2378
永安期货,2026-06-29,AL2611,762,2893
永安期货,2026-06-29,AL2610,798,1086
永安期货,2026-06-29,AL2612,,2414
永安期货,2026-06-26,AL2611,762,1511
永安期货,2026-06-26,AL2610,775,1105
永安期货,2026-06-26,AL2612,,2363
永安期货,2026-06-25,AL2611,773,1524
永安期货,2026-06-25,AL2610,767,1290
永安期货,2026-06-25,AL2612,,2409
永安期货,2026-06-24,AL2611,762,534
永安期货,2026-06-24,AL2610,755,
永安期货,2026-06-24,AL2612,,2312
永安期货,2026-06-23,AL2611,744,
永安期货,2026-06-23,AL2610,707,
永安期货,2026-06-23,AL2612,,2312
永安期货,2026-06-22,AL2611,733,
永安期货,2026-06-22,AL2610,614,
永安期货,2026-06-22,AL2612,,2309
永安期货,2026-06-18,AL2611,743,
永安期货,2026-06-18,AL2610,625,
永安期货,2026-06-18,AL2612,,2271
永安期货,2026-06-17,AL2611,743,
永安期货,2026-06-17,AL2610,625,
永安期货,2026-06-17,AL2612,,2272
永安期货,2026-06-16,AL2611,743,
永安期货,2026-06-16,AL2610,643,
永安期货,2026-06-16,AL2612,,2262
永安期货,2026-06-15,AL2611,743,
永安期货,2026-06-15,AL2610,618,
永安期货,2026-06-15,AL2612,,2265
永安期货,2026-06-12,AL2611,743,
永安期货,2026-06-12,AL2610,624,
永安期货,2026-06-12,AL2612,,2260
永安期货,2026-06-11,AL2611,743,
永安期货,2026-06-11,AL2610,649,
永安期货,2026-06-11,AL2612,,2260
永安期货,2026-06-10,AL2610,674,
永安期货,2026-06-10,AL2612,,2262
永安期货,2026-06-09,AL2612,,2255
永安期货,2026-06-08,AL2610,,
永安期货,2026-06-05,AL2610,628,
永安期货,2026-06-04,AL2610,591,
永安期货,2026-06-03,AL2610,550,
永安期货,2026-06-02,AL2610,587,
永安期货,2026-06-01,AL2610,601,
永安期货,2026-05-29,AL2610,611,
永安期货,2026-05-28,AL2610,560,
永安期货,2026-05-27,AL2610,544,
永安期货,2026-05-26,AL2610,550,
永安期货,2026-05-25,AL2610,540,
永安期货,2026-05-22,AL2610,540,
永安期货,2026-05-21,AL2610,542,
永安期货,2026-05-20,AL2610,531,
永安期货,2026-05-19,AL2610,521,
永安期货,2026-05-18,AL2610,525,
永安期货,2026-05-15,AL2610,521,56
永安期货,2026-05-14,AL2610,501,
永安期货,2026-05-13,AL2610,501,
永安期货,2026-05-12,AL2610,419,56
永安期货,2026-05-11,AL2610,421,56
永安期货,2026-05-08,AL2610,326,56
永安期货,2026-05-07,AL2610,327,56
永安期货,2026-05-06,AL2610,335,56
永安期货,2026-04-30,AL2610,307,56
永安期货,2026-04-29,AL2610,268,56
银河期货,2026-09-17,AL2612,6554,2112
银河期货,2026-09-17,AL2611,12897,12429
银河期货,2026-09-17,AL2610,4232,7417
银河期货,2026-09-17,AL2702,911,288
银河期货,2026-09-17,AL2701,1031,1709
银河期货,2026-09-17,AL2703,393,512
银河期货,2026-09-16,AL2612,6264,2004
银河期货,2026-09-16,AL2611,12535,11735
银河期货,2026-09-16,AL2702,920,
银河期货,2026-09-16,AL2610,4567,7150
银河期货,2026-09-16,AL2701,1063,1753
银河期货,2026-09-16,AL2703,392,486
银河期货,2026-09-15,AL2612,6424,1810
银河期货,2026-09-15,AL2611,10899,11541
银河期货,2026-09-15,AL2610,6032,6736
银河期货,2026-09-15,AL2702,936,
银河期货,2026-09-15,AL2701,835,1728
银河期货,2026-09-15,AL2703,392,490
银河期货,2026-09-14,AL2610,6573,7498
银河期货,2026-09-14,AL2612,6622,1762
银河期货,2026-09-14,AL2611,10745,11390
银河期货,2026-09-14,AL2702,838,
银河期货,2026-09-14,AL2701,813,1692
银河期货,2026-09-14,AL2703,388,559
银河期货,2026-09-11,AL2612,5461,1619
银河期货,2026-09-11,AL2611,10447,11450
银河期货,2026-09-11,AL2610,6590,8027
银河期货,2026-09-11,AL2702,826,177
银河期货,2026-09-11,AL2701,815,1045
银河期货,2026-09-10,AL2612,5736,1605
银河期货,2026-09-10,AL2610,7967,12018
银河期货,2026-09-10,AL2611,10038,9565
银河期货,2026-09-10,AL2702,820,175
银河期货,2026-09-10,AL2701,841,700
银河期货,2026-09-09,AL2612,5684,1534
银河期货,2026-09-09,AL2610,8429,12013
银河期货,2026-09-09,AL2611,9424,9168
银河期货,2026-09-09,AL2702,804,
银河期货,2026-09-09,AL2701,857,681
银河期货,2026-09-08,AL2612,5668,1614
银河期货,2026-09-08,AL2610,8386,13844
银河期货,2026-09-08,AL2611,9254,6673
银河期货,2026-09-08,AL2702,1103,
银河期货,2026-09-08,AL2701,1208,471
银河期货,2026-09-07,AL2612,5422,1869
银河期货,2026-09-07,AL2610,8513,14136
银河期货,2026-09-07,AL2702,1087,
银河期货,2026-09-07,AL2611,8711,5691
银河期货,2026-09-07,AL2701,1240,482
银河期货,2026-09-04,AL2612,5434,1876
银河期货,2026-09-04,AL2610,8248,12855
银河期货,2026-09-04,AL2702,1116,
银河期货,2026-09-04,AL2611,8421,5667
银河期货,2026-09-04,AL2701,1157,483
银河期货,2026-09-03,AL2612,5202,1931
银河期货,2026-09-03,AL2610,8989,10185
银河期货,2026-09-03,AL2702,1106,
银河期货,2026-09-03,AL2611,8178,5405
银河期货,2026-09-03,AL2701,1104,485
银河期货,2026-09-02,AL2612,5130,1677
银河期货,2026-09-02,AL2702,1098,
银河期货,2026-09-02,AL2610,8039,9591
银河期货,2026-09-02,AL2611,7992,3701
银河期货,2026-09-02,AL2701,1148,470
银河期货,2026-09-01,AL2612,5120,1811
银河期货,2026-09-01,AL2610,8766,8662
银河期货,2026-09-01,AL2702,1100,
银河期货,2026-09-01,AL2611,8036,3624
银河期货,2026-09-01,AL2701,1186,
银河期货,2026-08-31,AL2612,4983,1809
银河期货,2026-08-31,AL2702,1096,
银河期货,2026-08-31,AL2610,8280,8465
银河期货,2026-08-31,AL2611,7853,2824
银河期货,2026-08-31,AL2701,1600,
银河期货,2026-08-28,AL2612,4798,1959
银河期货,2026-08-28,AL2610,8068,7896
银河期货,2026-08-28,AL2611,6763,2796
银河期货,2026-08-28,AL2702,1013,
银河期货,2026-08-28,AL2701,1606,
银河期货,2026-08-27,AL2612,4758,1980
银河期货,2026-08-27,AL2610,8791,7931
银河期货,2026-08-27,AL2611,5642,2764
银河期货,2026-08-27,AL2702,938,
银河期货,2026-08-27,AL2701,1673,
银河期货,2026-08-26,AL2612,4743,1939
银河期货,2026-08-26,AL2610,9771,8178
银河期货,2026-08-26,AL2611,4868,2544
银河期货,2026-08-26,AL2702,760,
银河期货,2026-08-26,AL2701,1750,485
银河期货,2026-08-25,AL2612,4717,1888
银河期货,2026-08-25,AL2610,9367,8810
银河期货,2026-08-25,AL2611,4743,2430
银河期货,2026-08-25,AL2701,1572,487
银河期货,2026-08-24,AL2612,4694,1919
银河期货,2026-08-24,AL2610,8833,8333
银河期货,2026-08-24,AL2611,4195,2233
银河期货,2026-08-24,AL2701,1481,488
银河期货,2026-08-21,AL2612,4670,1881
银河期货,2026-08-21,AL2610,9265,8160
银河期货,2026-08-21,AL2611,4228,2036
银河期货,2026-08-21,AL2701,1478,490
银河期货,2026-08-20,AL2612,4653,1955
银河期货,2026-08-20,AL2611,4266,1733
银河期货,2026-08-20,AL2610,8818,8272
银河期货,2026-08-20,AL2701,1475,
银河期货,2026-08-19,AL2612,4666,1841
银河期货,2026-08-19,AL2611,4279,1390
银河期货,2026-08-19,AL2610,9208,8153
银河期货,2026-08-19,AL2701,1414,
银河期货,2026-08-18,AL2612,4635,1483
银河期货,2026-08-18,AL2611,4220,1109
银河期货,2026-08-18,AL2610,9585,8062
银河期货,2026-08-18,AL2701,1380,438
银河期货,2026-08-17,AL2612,4589,933
银河期货,2026-08-17,AL2611,4215,889
银河期货,2026-08-17,AL2610,8678,8261
银河期货,2026-08-17,AL2701,1428,438
银河期货,2026-08-14,AL2612,4630,900
银河期货,2026-08-14,AL2611,4228,922
银河期货,2026-08-14,AL2610,7983,7565
银河期货,2026-08-14,AL2701,1643,404
银河期货,2026-08-13,AL2612,4590,885
银河期货,2026-08-13,AL2611,4051,929
银河期货,2026-08-13,AL2610,7586,7290
银河期货,2026-08-13,AL2701,1403,437
银河期货,2026-08-12,AL2612,4518,634
银河期货,2026-08-12,AL2611,3952,1122
银河期货,2026-08-12,AL2701,1485,356
银河期货,2026-08-12,AL2610,7209,7168
银河期货,2026-08-11,AL2612,4537,622
银河期货,2026-08-11,AL2611,3939,807
银河期货,2026-08-11,AL2701,1362,328
银河期货,2026-08-11,AL2610,6954,7163
银河期货,2026-08-10,AL2612,4522,560
银河期货,2026-08-10,AL2611,3944,678
银河期货,2026-08-10,AL2701,1378,325
银河期货,2026-08-10,AL2610,4561,7397
银河期货,2026-08-07,AL2612,4498,616
银河期货,2026-08-07,AL2611,3877,675
银河期货,2026-08-07,AL2701,1363,341
银河期货,2026-08-07,AL2610,4095,6982
银河期货,2026-08-06,AL2612,4778,632
银河期货,2026-08-06,AL2611,4258,529
银河期货,2026-08-06,AL2701,1524,371
银河期货,2026-08-06,AL2610,3751,6778
银河期货,2026-08-05,AL2612,4753,552
银河期货,2026-08-05,AL2611,4288,469
银河期货,2026-08-05,AL2701,1411,355
银河期货,2026-08-05,AL2610,3316,6839
银河期货,2026-08-04,AL2612,4733,617
银河期货,2026-08-04,AL2611,4135,
银河期货,2026-08-04,AL2701,1355,347
银河期货,2026-08-04,AL2610,3045,7057
银河期货,2026-08-03,AL2612,4707,614
银河期货,2026-08-03,AL2611,4003,508
银河期货,2026-08-03,AL2701,1368,335
银河期货,2026-08-03,AL2610,2672,7297
银河期货,2026-07-31,AL2612,4517,635
银河期货,2026-07-31,AL2611,3881,548
银河期货,2026-07-31,AL2701,1436,319
银河期货,2026-07-31,AL2610,2451,6912
银河期货,2026-07-30,AL2612,4408,607
银河期货,2026-07-30,AL2611,3831,628
银河期货,2026-07-30,AL2701,1356,275
银河期货,2026-07-30,AL2610,2082,7020
银河期货,2026-07-29,AL2612,4395,902
银河期货,2026-07-29,AL2611,4441,822
银河期货,2026-07-29,AL2701,1241,252
银河期货,2026-07-29,AL2610,1739,6504
银河期货,2026-07-28,AL2612,4270,1169
银河期货,2026-07-28,AL2611,4404,841
银河期货,2026-07-28,AL2701,1046,347
银河期货,2026-07-28,AL2610,1775,5697
银河期货,2026-07-27,AL2612,4186,1111
银河期货,2026-07-27,AL2611,3657,692
银河期货,2026-07-27,AL2701,946,334
银河期货,2026-07-27,AL2610,1409,4977
银河期货,2026-07-24,AL2612,4141,1142
银河期货,2026-07-24,AL2611,3654,582
银河期货,2026-07-24,AL2701,860,317
银河期货,2026-07-24,AL2610,1379,4588
银河期货,2026-07-23,AL2612,4140,1200
银河期货,2026-07-23,AL2611,3655,636
银河期货,2026-07-23,AL2701,859,329
银河期货,2026-07-23,AL2610,1338,4363
银河期货,2026-07-22,AL2701,840,317
银河期货,2026-07-22,AL2612,753,1226
银河期货,2026-07-22,AL2611,642,697
银河期货,2026-07-22,AL2610,1313,4609
银河期货,2026-07-21,AL2701,879,318
银河期货,2026-07-21,AL2612,707,1743
银河期货,2026-07-21,AL2610,1327,4526
银河期货,2026-07-21,AL2611,637,713
银河期货,2026-07-20,AL2701,893,309
银河期货,2026-07-20,AL2612,708,1734
银河期货,2026-07-20,AL2610,1303,4600
银河期货,2026-07-20,AL2611,627,710
银河期货,2026-07-17,AL2701,859,282
银河期货,2026-07-17,AL2610,1327,4161
银河期货,2026-07-17,AL2612,728,1766
银河期货,2026-07-17,AL2611,624,627
银河期货,2026-07-16,AL2612,707,1791
银河期货,2026-07-16,AL2610,1333,3968
银河期货,2026-07-16,AL2611,622,709
银河期货,2026-07-15,AL2612,704,1814
银河期货,2026-07-15,AL2610,1224,3559
银河期货,2026-07-15,AL2611,625,543
银河期货,2026-07-14,AL2612,703,1637
银河期货,2026-07-14,AL2611,619,385
银河期货,2026-07-14,AL2610,785,3587
银河期货,2026-07-13,AL2612,707,1620
银河期货,2026-07-13,AL2610,1312,3405
银河期货,2026-07-13,AL2611,625,332
银河期货,2026-07-10,AL2610,1317,3463
银河期货,2026-07-10,AL2612,703,1617
银河期货,2026-07-10,AL2611,624,
银河期货,2026-07-09,AL2612,679,1620
银河期货,2026-07-09,AL2610,1288,3406
银河期货,2026-07-09,AL2611,636,
银河期货,2026-07-08,AL2612,667,1616
银河期货,2026-07-08,AL2610,1285,3488
银河期货,2026-07-08,AL2611,634,373
银河期货,2026-07-07,AL2612,671,1565
银河期货,2026-07-07,AL2610,1280,3458
银河期货,2026-07-07,AL2611,642,369
银河期货,2026-07-06,AL2612,673,1431
银河期货,2026-07-06,AL2610,1285,3090
银河期货,2026-07-06,AL2611,571,367
银河期货,2026-07-03,AL2610,1331,3072
银河期货,2026-07-03,AL2612,672,1305
银河期货,2026-07-03,AL2611,529,343
银河期货,2026-07-02,AL2612,681,1313
银河期货,2026-07-02,AL2610,1351,3300
银河期货,2026-07-02,AL2611,527,339
银河期货,2026-07-01,AL2612,644,1307
银河期货,2026-07-01,AL2610,1350,3731
银河期货,2026-07-01,AL2611,523,
银河期货,2026-06-30,AL2612,642,1113
银河期货,2026-06-30,AL2610,1324,3842
银河期货,2026-06-30,AL2611,515,
银河期货,2026-06-29,AL2612,567,693
银河期货,2026-06-29,AL2610,1204,4318
银河期货,2026-06-29,AL2611,463,316
银河期货,2026-06-26,AL2610,1204,3022
银河期货,2026-06-26,AL2612,567,686
银河期货,2026-06-26,AL2611,472,373
银河期货,2026-06-25,AL2610,1199,3578
银河期货,2026-06-25,AL2612,570,517
银河期货,2026-06-25,AL2611,484,320
银河期货,2026-06-24,AL2610,1571,2414
银河期货,2026-06-24,AL2612,532,315
银河期货,2026-06-24,AL2611,431,296
银河期货,2026-06-23,AL2610,1753,2200
银河期货,2026-06-23,AL2612,545,318
银河期货,2026-06-23,AL2611,421,
银河期货,2026-06-22,AL2612,543,285
银河期货,2026-06-22,AL2610,1257,2188
银河期货,2026-06-22,AL2611,417,215
银河期货,2026-06-18,AL2612,556,289
银河期货,2026-06-18,AL2610,1265,2110
银河期货,2026-06-18,AL2611,418,196
银河期货,2026-06-17,AL2612,547,284
银河期货,2026-06-17,AL2610,1119,1846
银河期货,2026-06-17,AL2611,382,185
银河期货,2026-06-16,AL2612,547,258
银河期货,2026-06-16,AL2610,1183,1771
银河期货,2026-06-16,AL2611,377,183
银河期货,2026-06-15,AL2612,642,264
银河期货,2026-06-15,AL2610,1253,7904
银河期货,2026-06-15,AL2611,375,187
银河期货,2026-06-12,AL2612,700,264
银河期货,2026-06-12,AL2610,1243,7959
银河期货,2026-06-12,AL2611,373,192
银河期货,2026-06-11,AL2612,662,263
银河期货,2026-06-11,AL2610,1137,8026
银河期货,2026-06-11,AL2611,375,185
银河期货,2026-06-10,AL2612,680,263
银河期货,2026-06-10,AL2610,1224,7924
银河期货,2026-06-09,AL2612,674,274
银河期货,2026-06-09,AL2610,1260,7498
银河期货,2026-06-08,AL2610,1281,7494
银河期货,2026-06-05,AL2610,1260,7420
银河期货,2026-06-04,AL2610,1219,7405
银河期货,2026-06-03,AL2610,1265,7635
银河期货,2026-06-02,AL2610,1159,7403
银河期货,2026-06-01,AL2610,1143,7400
银河期货,2026-05-29,AL2610,1143,7395
银河期货,2026-05-28,AL2610,1144,7392
银河期货,2026-05-27,AL2610,1137,7377
银河期货,2026-05-26,AL2610,1166,7181
银河期货,2026-05-25,AL2610,1185,7183
银河期货,2026-05-22,AL2610,1197,7158
银河期货,2026-05-21,AL2610,1199,6654
银河期货,2026-05-20,AL2610,1152,5345
银河期货,2026-05-19,AL2610,1241,5356
银河期货,2026-05-18,AL2610,1236,4349
银河期货,2026-05-15,AL2610,1101,4344
银河期货,2026-05-14,AL2610,1078,3950
银河期货,2026-05-13,AL2610,1020,2149
银河期货,2026-05-12,AL2610,839,164
银河期货,2026-05-11,AL2610,837,167
银河期货,2026-05-08,AL2610,733,170
银河期货,2026-05-07,AL2610,712,164
银河期货,2026-05-06,AL2610,270,174
银河期货,2026-04-30,AL2610,266,175
银河期货,2026-04-29,AL2610,257,175
东证期货,2026-09-17,AL2610,9328,4877
东证期货,2026-09-17,AL2611,18373,6010
东证期货,2026-09-17,AL2612,5275,3135
东证期货,2026-09-17,AL2701,1281,1000
东证期货,2026-09-17,AL2702,,1070
东证期货,2026-09-17,AL2703,,654
东证期货,2026-09-16,AL2610,9319,6800
东证期货,2026-09-16,AL2611,17023,5113
东证期货,2026-09-16,AL2612,4591,1457
东证期货,2026-09-16,AL2701,1237,858
东证期货,2026-09-16,AL2702,,1068
东证期货,2026-09-16,AL2703,,639
东证期货,2026-09-15,AL2610,10231,7562
东证期货,2026-09-15,AL2611,16478,4732
东证期货,2026-09-15,AL2701,1224,802
东证期货,2026-09-15,AL2612,2834,1164
东证期货,2026-09-15,AL2702,,1081
东证期货,2026-09-15,AL2703,,644
东证期货,2026-09-14,AL2610,12852,6975
东证期货,2026-09-14,AL2611,13819,5073
东证期货,2026-09-14,AL2701,1231,756
东证期货,2026-09-14,AL2612,2663,925
东证期货,2026-09-14,AL2702,,1106
东证期货,2026-09-14,AL2703,,640
东证期货,2026-09-11,AL2610,13667,8754
东证期货,2026-09-11,AL2611,14391,4564
东证期货,2026-09-11,AL2701,1152,620
东证期货,2026-09-11,AL2612,2684,
东证期货,2026-09-11,AL2702,,1151
东证期货,2026-09-10,AL2610,14835,9031
东证期货,2026-09-10,AL2611,12870,4538
东证期货,2026-09-10,AL2612,2825,821
东证期货,2026-09-10,AL2701,1119,669
东证期货,2026-09-10,AL2702,,707
东证期货,2026-09-09,AL2610,15088,9874
东证期货,2026-09-09,AL2611,12607,4532
东证期货,2026-09-09,AL2612,2116,1063
东证期货,2026-09-09,AL2701,1113,625
东证期货,2026-09-09,AL2702,,453
东证期货,2026-09-08,AL2610,16573,9129
东证期货,2026-09-08,AL2611,11976,4452
东证期货,2026-09-08,AL2701,1240,696
东证期货,2026-09-08,AL2612,2340,
东证期货,2026-09-08,AL2702,,197
东证期货,2026-09-07,AL2610,15854,11138
东证期货,2026-09-07,AL2611,12356,4258
东证期货,2026-09-07,AL2612,2041,927
东证期货,2026-09-07,AL2701,906,622
东证期货,2026-09-07,AL2702,,233
东证期货,2026-09-04,AL2610,15624,10348
东证期货,2026-09-04,AL2611,12698,6290
东证期货,2026-09-04,AL2612,1991,1235
东证期货,2026-09-04,AL2701,895,682
东证期货,2026-09-04,AL2702,,234
东证期货,2026-09-03,AL2610,16278,9926
东证期货,2026-09-03,AL2611,12190,7375
东证期货,2026-09-03,AL2612,2295,1249
东证期货,2026-09-03,AL2701,985,711
东证期货,2026-09-03,AL2702,,272
东证期货,2026-09-02,AL2610,15155,7354
东证期货,2026-09-02,AL2611,10596,7650
东证期货,2026-09-02,AL2612,2007,1115
东证期货,2026-09-02,AL2701,911,755
东证期货,2026-09-02,AL2702,,242
东证期货,2026-09-01,AL2610,14584,8413
东证期货,2026-09-01,AL2611,10428,5675
东证期货,2026-09-01,AL2612,1965,779
东证期货,2026-09-01,AL2701,886,728
东证期货,2026-09-01,AL2702,328,253
东证期货,2026-08-31,AL2611,11232,6289
东证期货,2026-08-31,AL2610,16665,7362
东证期货,2026-08-31,AL2701,974,777
东证期货,2026-08-31,AL2612,1986,
东证期货,2026-08-31,AL2702,,257
东证期货,2026-08-28,AL2610,15778,9511
东证期货,2026-08-28,AL2611,10139,5385
东证期货,2026-08-28,AL2612,2034,698
东证期货,2026-08-28,AL2701,903,737
东证期货,2026-08-28,AL2702,,247
东证期货,2026-08-27,AL2610,16873,8101
东证期货,2026-08-27,AL2611,4879,4731
东证期货,2026-08-27,AL2701,899,725
东证期货,2026-08-27,AL2612,1875,754
东证期货,2026-08-27,AL2702,,255
东证期货,2026-08-26,AL2610,17546,11964
东证期货,2026-08-26,AL2611,4901,3578
东证期货,2026-08-26,AL2701,874,746
东证期货,2026-08-26,AL2612,1142,
东证期货,2026-08-26,AL2702,,341
东证期货,2026-08-25,AL2610,17815,13241
东证期货,2026-08-25,AL2611,4776,3494
东证期货,2026-08-25,AL2701,880,663
东证期货,2026-08-25,AL2612,,708
东证期货,2026-08-24,AL2610,17413,12346
东证期货,2026-08-24,AL2611,4439,2871
东证期货,2026-08-24,AL2701,940,680
东证期货,2026-08-24,AL2612,,787
东证期货,2026-08-21,AL2610,18270,14694
东证期货,2026-08-21,AL2611,4054,3058
东证期货,2026-08-21,AL2701,1180,667
东证期货,2026-08-21,AL2612,,910
东证期货,2026-08-20,AL2610,17181,15142
东证期货,2026-08-20,AL2611,4085,2982
东证期货,2026-08-20,AL2701,748,742
东证期货,2026-08-20,AL2612,,948
东证期货,2026-08-19,AL2610,17202,15004
东证期货,2026-08-19,AL2611,3522,3666
东证期货,2026-08-19,AL2701,767,662
东证期货,2026-08-19,AL2612,,1297
东证期货,2026-08-18,AL2610,17191,13248
东证期货,2026-08-18,AL2611,2676,3747
东证期货,2026-08-18,AL2701,782,575
东证期货,2026-08-18,AL2612,,1100
东证期货,2026-08-17,AL2610,16056,12372
东证期货,2026-08-17,AL2611,2716,3692
东证期货,2026-08-17,AL2701,738,522
东证期货,2026-08-17,AL2612,,722
东证期货,2026-08-14,AL2610,14096,15044
东证期货,2026-08-14,AL2611,2490,3846
东证期货,2026-08-14,AL2701,395,426
东证期货,2026-08-14,AL2612,,619
东证期货,2026-08-13,AL2610,14200,15481
东证期货,2026-08-13,AL2611,2431,3645
东证期货,2026-08-13,AL2612,,740
东证期货,2026-08-13,AL2701,,436
东证期货,2026-08-12,AL2610,13271,14587
东证期货,2026-08-12,AL2611,2577,3552
东证期货,2026-08-12,AL2701,,653
东证期货,2026-08-12,AL2612,,505
东证期货,2026-08-11,AL2610,12826,14234
东证期货,2026-08-11,AL2611,2342,3508
东证期货,2026-08-11,AL2701,,697
东证期货,2026-08-11,AL2612,,409
东证期货,2026-08-10,AL2610,11842,14074
东证期货,2026-08-10,AL2611,2262,3600
东证期货,2026-08-10,AL2701,,667
东证期货,2026-08-10,AL2612,,400
东证期货,2026-08-07,AL2610,12151,15012
东证期货,2026-08-07,AL2611,2333,3592
东证期货,2026-08-07,AL2612,1061,
东证期货,2026-08-07,AL2701,269,644
东证期货,2026-08-06,AL2610,12801,13059
东证期货,2026-08-06,AL2611,2157,3362
东证期货,2026-08-06,AL2701,,664
东证期货,2026-08-06,AL2612,,
东证期货,2026-08-05,AL2610,12099,11112
东证期货,2026-08-05,AL2611,2093,3138
东证期货,2026-08-05,AL2701,,527
东证期货,2026-08-05,AL2612,,
东证期货,2026-08-04,AL2610,12106,8489
东证期货,2026-08-04,AL2611,2219,2549
东证期货,2026-08-04,AL2701,489,530
东证期货,2026-08-04,AL2612,,
东证期货,2026-08-03,AL2610,13678,8502
东证期货,2026-08-03,AL2611,2133,3026
东证期货,2026-08-03,AL2701,262,542
东证期货,2026-08-03,AL2612,,498
东证期货,2026-07-31,AL2610,15437,7780
东证期货,2026-07-31,AL2611,2083,2300
东证期货,2026-07-31,AL2701,437,698
东证期货,2026-07-31,AL2612,,
东证期货,2026-07-30,AL2610,14993,7452
东证期货,2026-07-30,AL2611,1824,2134
东证期货,2026-07-30,AL2701,582,747
东证期货,2026-07-30,AL2612,,
东证期货,2026-07-29,AL2610,8414,8320
东证期货,2026-07-29,AL2611,1597,2085
东证期货,2026-07-29,AL2701,385,728
东证期货,2026-07-29,AL2612,,
东证期货,2026-07-28,AL2610,8449,5776
东证期货,2026-07-28,AL2611,1553,1653
东证期货,2026-07-28,AL2701,247,493
东证期货,2026-07-28,AL2612,,
东证期货,2026-07-27,AL2610,8128,4879
东证期货,2026-07-27,AL2611,1624,1520
东证期货,2026-07-27,AL2612,520,
东证期货,2026-07-27,AL2701,,494
东证期货,2026-07-24,AL2610,8015,4355
东证期货,2026-07-24,AL2611,1640,1613
东证期货,2026-07-24,AL2701,,472
东证期货,2026-07-24,AL2612,,
东证期货,2026-07-23,AL2610,7631,4170
东证期货,2026-07-23,AL2611,1556,1760
东证期货,2026-07-23,AL2701,,447
东证期货,2026-07-23,AL2612,,
东证期货,2026-07-22,AL2610,7225,4481
东证期货,2026-07-22,AL2611,1732,1813
东证期货,2026-07-22,AL2612,504,
东证期货,2026-07-22,AL2701,,434
东证期货,2026-07-21,AL2610,6584,4478
东证期货,2026-07-21,AL2611,642,1767
东证期货,2026-07-21,AL2701,230,447
东证期货,2026-07-21,AL2612,429,
东证期货,2026-07-20,AL2610,6464,3858
东证期货,2026-07-20,AL2611,812,1478
东证期货,2026-07-20,AL2612,608,
东证期货,2026-07-20,AL2701,225,694
东证期货,2026-07-17,AL2610,5761,3942
东证期货,2026-07-17,AL2611,516,1307
东证期货,2026-07-17,AL2701,226,400
东证期货,2026-07-17,AL2612,,
东证期货,2026-07-16,AL2610,5725,3024
东证期货,2026-07-16,AL2611,534,881
东证期货,2026-07-16,AL2612,559,
东证期货,2026-07-15,AL2610,5253,3115
东证期货,2026-07-15,AL2611,633,1114
东证期货,2026-07-15,AL2612,,
东证期货,2026-07-14,AL2610,5407,2671
东证期货,2026-07-14,AL2611,811,1083
东证期货,2026-07-14,AL2612,414,255
东证期货,2026-07-13,AL2610,4248,3585
东证期货,2026-07-13,AL2611,519,1157
东证期货,2026-07-13,AL2612,,240
东证期货,2026-07-10,AL2610,4294,4174
东证期货,2026-07-10,AL2611,591,1048
东证期货,2026-07-10,AL2612,,
东证期货,2026-07-09,AL2610,2769,4281
东证期货,2026-07-09,AL2611,731,1073
东证期货,2026-07-09,AL2612,,
东证期货,2026-07-08,AL2610,2692,4276
东证期货,2026-07-08,AL2611,493,1027
东证期货,2026-07-08,AL2612,,
东证期货,2026-07-07,AL2610,2721,4404
东证期货,2026-07-07,AL2611,546,1047
东证期货,2026-07-07,AL2612,444,
东证期货,2026-07-06,AL2610,2670,3866
东证期货,2026-07-06,AL2611,611,1028
东证期货,2026-07-06,AL2612,481,
东证期货,2026-07-03,AL2610,2646,3076
东证期货,2026-07-03,AL2612,813,815
东证期货,2026-07-03,AL2611,788,1039
东证期货,2026-07-02,AL2610,3053,2539
东证期货,2026-07-02,AL2611,528,941
东证期货,2026-07-02,AL2612,365,909
东证期货,2026-07-01,AL2610,3093,2917
东证期货,2026-07-01,AL2612,575,899
东证期货,2026-07-01,AL2611,528,965
东证期货,2026-06-30,AL2610,3584,2566
东证期货,2026-06-30,AL2612,929,927
东证期货,2026-06-30,AL2611,778,997
东证期货,2026-06-29,AL2610,2631,2959
东证期货,2026-06-29,AL2611,420,1013
东证期货,2026-06-29,AL2612,390,955
东证期货,2026-06-26,AL2610,2705,2789
东证期货,2026-06-26,AL2612,698,942
东证期货,2026-06-26,AL2611,536,1084
东证期货,2026-06-25,AL2610,3288,1865
东证期货,2026-06-25,AL2611,,1305
东证期货,2026-06-25,AL2612,,966
东证期货,2026-06-24,AL2610,2596,1753
东证期货,2026-06-24,AL2611,333,1083
东证期货,2026-06-24,AL2612,,500
东证期货,2026-06-23,AL2610,2468,1774
东证期货,2026-06-23,AL2611,327,1219
东证期货,2026-06-23,AL2612,,228
东证期货,2026-06-22,AL2610,1772,1756
东证期货,2026-06-22,AL2611,322,1047
东证期货,2026-06-22,AL2612,,107
东证期货,2026-06-18,AL2610,1757,1902
东证期货,2026-06-18,AL2611,321,1046
东证期货,2026-06-18,AL2612,,
东证期货,2026-06-17,AL2610,1813,1695
东证期货,2026-06-17,AL2611,320,968
东证期货,2026-06-16,AL2610,1801,1554
东证期货,2026-06-16,AL2611,320,929
东证期货,2026-06-16,AL2612,,101
东证期货,2026-06-15,AL2610,1729,330
东证期货,2026-06-15,AL2611,452,879
东证期货,2026-06-15,AL2612,,
东证期货,2026-06-12,AL2610,1741,
东证期货,2026-06-12,AL2611,444,860
东证期货,2026-06-12,AL2612,,
东证期货,2026-06-11,AL2610,1569,
东证期货,2026-06-11,AL2611,427,924
东证期货,2026-06-10,AL2610,1501,
东证期货,2026-06-10,AL2612,,
东证期货,2026-06-09,AL2610,1359,271
东证期货,2026-06-09,AL2612,,
东证期货,2026-06-08,AL2610,1351,265
东证期货,2026-06-05,AL2610,1359,282
东证期货,2026-06-04,AL2610,1391,
东证期货,2026-06-03,AL2610,1503,
东证期货,2026-06-02,AL2610,1871,145
东证期货,2026-06-01,AL2610,1668,234
东证期货,2026-05-29,AL2610,1748,229
东证期货,2026-05-28,AL2610,1673,220
东证期货,2026-05-27,AL2610,1704,198
东证期货,2026-05-26,AL2610,1733,195
东证期货,2026-05-25,AL2610,1341,193
东证期货,2026-05-22,AL2610,1231,198
东证期货,2026-05-21,AL2610,1360,222
东证期货,2026-05-20,AL2610,1262,103
东证期货,2026-05-19,AL2610,1287,101
东证期货,2026-05-18,AL2610,1355,101
东证期货,2026-05-15,AL2610,1342,191
东证期货,2026-05-14,AL2610,1230,107
东证期货,2026-05-13,AL2610,1088,106
东证期货,2026-05-12,AL2610,1020,101
东证期货,2026-05-11,AL2610,1037,102
东证期货,2026-05-08,AL2610,658,115
东证期货,2026-05-07,AL2610,418,118
东证期货,2026-05-06,AL2610,428,118
东证期货,2026-04-30,AL2610,337,115
东证期货,2026-04-29,AL2610,329,118
建信期货,2026-09-17,AL2701,1659,538
建信期货,2026-09-17,AL2703,230,
建信期货,2026-09-17,AL2612,1271,2405
建信期货,2026-09-17,AL2610,2064,1848
建信期货,2026-09-17,AL2611,,4513
建信期货,2026-09-16,AL2610,3400,1871
建信期货,2026-09-16,AL2612,1258,2401
建信期货,2026-09-16,AL2703,230,
建信期货,2026-09-16,AL2611,,4350
建信期货,2026-09-16,AL2701,,534
建信期货,2026-09-15,AL2610,3490,1692
建信期货,2026-09-15,AL2612,1267,2345
建信期货,2026-09-15,AL2703,230,
建信期货,2026-09-15,AL2611,,4274
建信期货,2026-09-15,AL2701,,522
建信期货,2026-09-15,AL2702,,
建信期货,2026-09-14,AL2610,3475,
建信期货,2026-09-14,AL2703,230,
建信期货,2026-09-14,AL2612,,2342
建信期货,2026-09-14,AL2611,,3995
建信期货,2026-09-14,AL2701,,513
建信期货,2026-09-11,AL2610,3504,
建信期货,2026-09-11,AL2612,,2367
建信期货,2026-09-11,AL2611,,3789
建信期货,2026-09-11,AL2701,,511
建信期货,2026-09-10,AL2610,3749,
建信期货,2026-09-10,AL2612,,2341
建信期货,2026-09-10,AL2701,,560
建信期货,2026-09-10,AL2611,,3632
建信期货,2026-09-09,AL2610,3808,
建信期货,2026-09-09,AL2612,,2341
建信期货,2026-09-09,AL2611,,3577
建信期货,2026-09-09,AL2701,,460
建信期货,2026-09-08,AL2611,,3405
建信期货,2026-09-08,AL2612,,1040
建信期货,2026-09-07,AL2612,939,
建信期货,2026-09-07,AL2611,,3307
建信期货,2026-09-04,AL2612,939,
建信期货,2026-09-04,AL2611,,3266
建信期货,2026-09-03,AL2611,,3318
建信期货,2026-09-02,AL2611,,3073
建信期货,2026-09-01,AL2611,,3064
建信期货,2026-08-31,AL2611,,3008
建信期货,2026-08-28,AL2612,934,
建信期货,2026-08-28,AL2611,,2541
建信期货,2026-08-27,AL2612,939,
建信期货,2026-08-27,AL2611,,2372
建信期货,2026-08-26,AL2612,940,
建信期货,2026-08-26,AL2611,,2343
建信期货,2026-08-25,AL2612,929,
建信期货,2026-08-25,AL2611,,2041
建信期货,2026-08-24,AL2612,934,
建信期货,2026-08-24,AL2611,,1530
建信期货,2026-08-21,AL2612,933,
建信期货,2026-08-21,AL2611,,1519
建信期货,2026-08-20,AL2612,943,
建信期货,2026-08-20,AL2611,,1515
建信期货,2026-08-19,AL2612,943,
建信期货,2026-08-19,AL2611,,1415
建信期货,2026-08-18,AL2612,943,
建信期货,2026-08-18,AL2611,,1398
建信期货,2026-08-17,AL2612,882,
建信期货,2026-08-17,AL2611,,1376
建信期货,2026-08-14,AL2612,882,
建信期货,2026-08-13,AL2612,882,
建信期货,2026-08-13,AL2611,,519
建信期货,2026-08-12,AL2612,882,
建信期货,2026-08-12,AL2611,788,521
建信期货,2026-08-11,AL2612,882,
建信期货,2026-08-11,AL2611,839,519
建信期货,2026-08-10,AL2612,882,
建信期货,2026-08-10,AL2610,3332,
建信期货,2026-08-10,AL2611,,518
建信期货,2026-08-07,AL2612,882,
建信期货,2026-08-07,AL2610,3344,
建信期货,2026-08-07,AL2611,,516
建信期货,2026-08-06,AL2612,882,
建信期货,2026-08-06,AL2610,3344,
建信期货,2026-08-06,AL2611,,511
建信期货,2026-08-05,AL2610,3374,2133
建信期货,2026-08-05,AL2612,884,
建信期货,2026-08-04,AL2610,3327,2117
建信期货,2026-08-04,AL2612,882,
建信期货,2026-08-03,AL2610,3330,2063
建信期货,2026-08-03,AL2612,882,
建信期货,2026-08-03,AL2611,573,
建信期货,2026-07-31,AL2610,3189,2069
建信期货,2026-07-31,AL2612,882,
建信期货,2026-07-31,AL2611,563,
建信期货,2026-07-30,AL2610,3221,2038
建信期货,2026-07-30,AL2612,882,
建信期货,2026-07-30,AL2611,568,
建信期货,2026-07-29,AL2610,3121,1973
建信期货,2026-07-29,AL2612,885,
建信期货,2026-07-29,AL2611,568,
建信期货,2026-07-28,AL2610,3141,1898
建信期货,2026-07-28,AL2612,885,
建信期货,2026-07-28,AL2611,568,
建信期货,2026-07-27,AL2610,3143,1888
建信期货,2026-07-27,AL2612,884,
建信期货,2026-07-27,AL2611,526,465
建信期货,2026-07-24,AL2610,3135,1888
建信期货,2026-07-24,AL2612,884,
建信期货,2026-07-24,AL2611,524,465
建信期货,2026-07-23,AL2610,3130,1926
建信期货,2026-07-23,AL2612,884,
建信期货,2026-07-23,AL2611,518,465
建信期货,2026-07-22,AL2610,3155,1881
建信期货,2026-07-22,AL2611,,468
建信期货,2026-07-21,AL2610,3137,1840
建信期货,2026-07-21,AL2611,,468
建信期货,2026-07-20,AL2610,3149,1800
建信期货,2026-07-20,AL2611,,468
建信期货,2026-07-17,AL2610,3280,1870
建信期货,2026-07-17,AL2611,,468
建信期货,2026-07-16,AL2610,3284,1693
建信期货,2026-07-16,AL2611,,468
建信期货,2026-07-15,AL2610,3270,1834
建信期货,2026-07-15,AL2611,,468
建信期货,2026-07-14,AL2610,3178,1869
建信期货,2026-07-14,AL2611,,476
建信期货,2026-07-13,AL2610,3181,1849
建信期货,2026-07-13,AL2611,,468
建信期货,2026-07-10,AL2610,3183,1850
建信期货,2026-07-10,AL2611,,468
建信期货,2026-07-09,AL2610,3146,1830
建信期货,2026-07-09,AL2611,,468
建信期货,2026-07-08,AL2610,3148,1840
建信期货,2026-07-08,AL2611,,468
建信期货,2026-07-07,AL2610,3150,1841
建信期货,2026-07-07,AL2611,,468
建信期货,2026-07-06,AL2610,3153,1839
建信期货,2026-07-06,AL2611,,468
建信期货,2026-07-03,AL2610,3154,1831
建信期货,2026-07-03,AL2611,,468
建信期货,2026-07-02,AL2610,3156,1838
建信期货,2026-07-02,AL2611,,467
建信期货,2026-07-01,AL2610,3158,1846
建信期货,2026-07-01,AL2611,,423
建信期货,2026-06-30,AL2610,3160,1838
建信期货,2026-06-30,AL2611,,423
建信期货,2026-06-29,AL2610,3159,1838
建信期货,2026-06-29,AL2611,,423
建信期货,2026-06-26,AL2610,1361,1838
建信期货,2026-06-26,AL2611,,423
建信期货,2026-06-25,AL2610,1364,1838
建信期货,2026-06-25,AL2611,,423
建信期货,2026-06-24,AL2610,1361,1841
建信期货,2026-06-24,AL2611,,423
建信期货,2026-06-23,AL2610,1357,1840
建信期货,2026-06-23,AL2611,,423
建信期货,2026-06-22,AL2610,1354,1986
建信期货,2026-06-22,AL2611,,922
建信期货,2026-06-18,AL2610,1354,1983
建信期货,2026-06-18,AL2611,,923
建信期货,2026-06-17,AL2610,1348,2177
建信期货,2026-06-17,AL2611,,923
建信期货,2026-06-16,AL2610,1338,2177
建信期货,2026-06-16,AL2611,,923
建信期货,2026-06-15,AL2610,1344,1602
建信期货,2026-06-15,AL2611,195,913
建信期货,2026-06-12,AL2610,1364,918
建信期货,2026-06-12,AL2611,195,913
建信期货,2026-06-11,AL2610,1362,827
建信期货,2026-06-11,AL2611,195,913
建信期货,2026-06-10,AL2610,1362,825
建信期货,2026-06-10,AL2612,178,
建信期货,2026-06-09,AL2610,1362,826
建信期货,2026-06-08,AL2610,1367,825
建信期货,2026-06-05,AL2610,1363,825
建信期货,2026-06-04,AL2610,1365,825
建信期货,2026-06-03,AL2610,1361,825
建信期货,2026-06-02,AL2610,1360,825
建信期货,2026-06-01,AL2610,1155,825
建信期货,2026-05-29,AL2610,1155,825
建信期货,2026-05-28,AL2610,1155,825
建信期货,2026-05-27,AL2610,1155,825
建信期货,2026-05-26,AL2610,1155,825
建信期货,2026-05-25,AL2610,1158,825
建信期货,2026-05-22,AL2610,1155,825
建信期货,2026-05-21,AL2610,1155,825
建信期货,2026-05-20,AL2610,1155,825
建信期货,2026-05-19,AL2610,1155,825
建信期货,2026-05-18,AL2610,1155,825
建信期货,2026-05-15,AL2610,1155,825
建信期货,2026-05-14,AL2610,1155,825
建信期货,2026-05-13,AL2610,1162,825
建信期货,2026-05-12,AL2610,1155,725
建信期货,2026-05-11,AL2610,1154,625
建信期货,2026-05-08,AL2610,1154,50
建信期货,2026-05-07,AL2610,1155,
建信期货,2026-05-06,AL2610,1153,
建信期货,2026-04-30,AL2610,1153,
建信期货,2026-04-29,AL2610,1153,
五矿期货,2026-09-17,AL2702,432,
五矿期货,2026-09-17,AL2611,,3131
五矿期货,2026-09-16,AL2702,433,
五矿期货,2026-09-16,AL2611,,2893
五矿期货,2026-09-16,AL2701,,
五矿期货,2026-09-15,AL2702,433,
五矿期货,2026-09-15,AL2701,,622
五矿期货,2026-09-15,AL2611,,2836
五矿期货,2026-09-14,AL2702,433,
五矿期货,2026-09-14,AL2701,,
五矿期货,2026-09-11,AL2702,408,
五矿期货,2026-09-11,AL2610,,
五矿期货,2026-09-10,AL2702,384,
五矿期货,2026-09-09,AL2702,403,
五矿期货,2026-09-09,AL2610,,2655
五矿期货,2026-09-08,AL2702,394,
五矿期货,2026-09-08,AL2610,,3115
五矿期货,2026-09-07,AL2702,380,
五矿期货,2026-09-07,AL2610,,3609
五矿期货,2026-09-04,AL2702,378,
五矿期货,2026-09-04,AL2610,,3358
五矿期货,2026-09-03,AL2702,379,
五矿期货,2026-09-03,AL2610,,3653
五矿期货,2026-09-02,AL2702,379,
五矿期货,2026-09-02,AL2610,,3040
五矿期货,2026-09-01,AL2702,380,
五矿期货,2026-09-01,AL2610,,3233
五矿期货,2026-08-31,AL2702,379,
五矿期货,2026-08-31,AL2610,,3183
五矿期货,2026-08-28,AL2702,356,
五矿期货,2026-08-27,AL2702,333,
五矿期货,2026-08-26,AL2702,333,
五矿期货,2026-08-25,AL2610,,
五矿期货,2026-08-24,AL2611,,
五矿期货,2026-08-21,AL2701,444,
五矿期货,2026-08-20,AL2701,458,
五矿期货,2026-08-19,AL2701,452,
五矿期货,2026-08-19,AL2610,,3653
五矿期货,2026-08-18,AL2701,423,
五矿期货,2026-08-18,AL2610,,3527
五矿期货,2026-08-17,AL2610,,3436
五矿期货,2026-08-12,AL2610,,3384
五矿期货,2026-08-11,AL2610,,4806
五矿期货,2026-08-10,AL2610,,3781
五矿期货,2026-08-07,AL2610,,2990
五矿期货,2026-08-06,AL2610,,2099
五矿期货,2026-08-06,AL2612,,
五矿期货,2026-08-05,AL2612,,
五矿期货,2026-08-04,AL2612,,
五矿期货,2026-07-31,AL2612,,446
五矿期货,2026-07-30,AL2612,,443
五矿期货,2026-07-29,AL2612,,443
五矿期货,2026-07-28,AL2612,,419
五矿期货,2026-07-27,AL2612,,424
五矿期货,2026-07-27,AL2610,,
五矿期货,2026-07-24,AL2612,,420
五矿期货,2026-07-23,AL2612,,419
五矿期货,2026-07-22,AL2612,,416
五矿期货,2026-07-21,AL2612,,415
五矿期货,2026-07-20,AL2612,,417
五矿期货,2026-07-17,AL2612,,417
五矿期货,2026-07-16,AL2612,,421
五矿期货,2026-07-15,AL2612,,420
五矿期货,2026-07-14,AL2612,,425
五矿期货,2026-07-13,AL2612,,426
五矿期货,2026-07-10,AL2612,,512
五矿期货,2026-07-09,AL2612,,512
五矿期货,2026-07-09,AL2610,,
五矿期货,2026-07-08,AL2612,,512
五矿期货,2026-07-07,AL2612,,567
五矿期货,2026-07-07,AL2610,,
五矿期货,2026-07-06,AL2612,,928
五矿期货,2026-07-03,AL2612,,1255
五矿期货,2026-07-02,AL2612,,1287
五矿期货,2026-07-01,AL2612,,1279
五矿期货,2026-06-30,AL2612,,1036
五矿期货,2026-06-30,AL2611,,
五矿期货,2026-06-29,AL2612,,1036
五矿期货,2026-06-26,AL2612,,1039
五矿期货,2026-06-25,AL2612,,841
五矿期货,2026-06-24,AL2612,,621
五矿期货,2026-06-23,AL2612,,430
五矿期货,2026-06-22,AL2612,,422
五矿期货,2026-06-18,AL2612,,421
五矿期货,2026-06-17,AL2612,,424
五矿期货,2026-06-16,AL2612,,424
五矿期货,2026-06-15,AL2612,,419
五矿期货,2026-06-12,AL2612,,420
五矿期货,2026-06-11,AL2612,,424
五矿期货,2026-06-10,AL2612,,424
五矿期货,2026-06-09,AL2612,,423
五矿期货,2026-05-21,AL2610,,
五矿期货,2026-05-20,AL2610,,427
五矿期货,2026-05-19,AL2610,,427
五矿期货,2026-05-18,AL2610,,427
五矿期货,2026-05-15,AL2610,,424
五矿期货,2026-05-14,AL2610,,425
五矿期货,2026-05-13,AL2610,,418
五矿期货,2026-05-12,AL2610,,449
五矿期货,2026-05-11,AL2610,,451
五矿期货,2026-05-08,AL2610,,464
五矿期货,2026-05-07,AL2610,,457
五矿期货,2026-05-06,AL2610,,460
五矿期货,2026-04-30,AL2610,,464
五矿期货,2026-04-29,AL2610,,471
中金岭南,2026-08-11,AL2701,,
国贸期货,2026-09-17,AL2611,,13913
国贸期货,2026-09-17,AL2702,,
国贸期货,2026-09-16,AL2611,,13230
国贸期货,2026-09-16,AL2610,,1793
国贸期货,2026-09-15,AL2611,,13263
国贸期货,2026-09-15,AL2610,,1829
国贸期货,2026-09-15,AL2701,,
国贸期货,2026-09-14,AL2611,,12835
国贸期货,2026-09-14,AL2610,,3234
国贸期货,2026-09-14,AL2701,,
国贸期货,2026-09-11,AL2611,,13252
国贸期货,2026-09-11,AL2610,,3950
国贸期货,2026-09-10,AL2611,,13147
国贸期货,2026-09-10,AL2610,,4991
国贸期货,2026-09-09,AL2611,,12829
国贸期货,2026-09-09,AL2610,,5099
国贸期货,2026-09-08,AL2611,,12397
国贸期货,2026-09-08,AL2610,,5722
国贸期货,2026-09-07,AL2611,,12099
国贸期货,2026-09-07,AL2610,,5700
国贸期货,2026-09-04,AL2611,,11985
国贸期货,2026-09-04,AL2610,,5855
国贸期货,2026-09-03,AL2611,,11917
国贸期货,2026-09-03,AL2610,,6034
国贸期货,2026-09-03,AL2612,,
国贸期货,2026-09-02,AL2611,,10492
国贸期货,2026-09-02,AL2610,,5554
国贸期货,2026-09-02,AL2612,,1131
国贸期货,2026-09-01,AL2611,,9518
国贸期货,2026-09-01,AL2610,,5727
国贸期货,2026-09-01,AL2612,,1141
国贸期货,2026-08-31,AL2611,,8887
国贸期货,2026-08-31,AL2610,,5933
国贸期货,2026-08-31,AL2612,,1187
国贸期货,2026-08-28,AL2611,,7986
国贸期货,2026-08-28,AL2610,,6303
国贸期货,2026-08-28,AL2612,,1227
国贸期货,2026-08-27,AL2611,,8063
国贸期货,2026-08-27,AL2610,,6346
国贸期货,2026-08-27,AL2612,,1249
国贸期货,2026-08-26,AL2611,,7332
国贸期货,2026-08-26,AL2610,,6978
国贸期货,2026-08-26,AL2612,,1295
国贸期货,2026-08-26,AL2702,,
国贸期货,2026-08-25,AL2611,,6218
国贸期货,2026-08-25,AL2610,,7726
国贸期货,2026-08-25,AL2612,,1272
国贸期货,2026-08-24,AL2611,,5128
国贸期货,2026-08-24,AL2610,,8405
国贸期货,2026-08-24,AL2612,,1228
国贸期货,2026-08-21,AL2611,,4891
国贸期货,2026-08-21,AL2610,,8363
国贸期货,2026-08-21,AL2612,,1227
国贸期货,2026-08-20,AL2611,,4393
国贸期货,2026-08-20,AL2610,,8550
国贸期货,2026-08-20,AL2612,,1260
国贸期货,2026-08-19,AL2610,,9136
国贸期货,2026-08-19,AL2611,,3726
国贸期货,2026-08-19,AL2612,,1253
国贸期货,2026-08-18,AL2610,,9660
国贸期货,2026-08-18,AL2611,,3693
国贸期货,2026-08-17,AL2610,,9588
国贸期货,2026-08-17,AL2611,,3683
国贸期货,2026-08-14,AL2610,,9802
国贸期货,2026-08-14,AL2611,,3605
国贸期货,2026-08-13,AL2611,,3800
国贸期货,2026-08-13,AL2610,,10234
国贸期货,2026-08-12,AL2610,,10197
国贸期货,2026-08-12,AL2611,,3430
国贸期货,2026-08-11,AL2610,,9462
国贸期货,2026-08-11,AL2611,,3088
国贸期货,2026-08-10,AL2610,,9223
国贸期货,2026-08-10,AL2611,,3060
国贸期货,2026-08-07,AL2610,,8727
国贸期货,2026-08-07,AL2611,,2870
国贸期货,2026-08-06,AL2610,,8379
国贸期货,2026-08-06,AL2611,,2534
国贸期货,2026-08-05,AL2610,,8360
国贸期货,2026-08-05,AL2611,,1776
国贸期货,2026-08-04,AL2610,,7448
国贸期货,2026-08-04,AL2611,,1776
国贸期货,2026-08-03,AL2610,,6481
国贸期货,2026-08-03,AL2611,,802
国贸期货,2026-07-31,AL2610,,6233
国贸期货,2026-07-31,AL2611,,737
国贸期货,2026-07-30,AL2610,,6138
国贸期货,2026-07-30,AL2611,,738
国贸期货,2026-07-29,AL2610,,6129
国贸期货,2026-07-29,AL2611,,723
国贸期货,2026-07-28,AL2610,,5767
国贸期货,2026-07-28,AL2611,,588
国贸期货,2026-07-28,AL2612,,382
国贸期货,2026-07-27,AL2610,,5649
国贸期货,2026-07-27,AL2611,,823
国贸期货,2026-07-27,AL2612,,382
国贸期货,2026-07-24,AL2610,,5641
国贸期货,2026-07-24,AL2611,,897
国贸期货,2026-07-24,AL2612,,383
国贸期货,2026-07-23,AL2610,,5208
国贸期货,2026-07-23,AL2611,,897
国贸期货,2026-07-23,AL2612,,383
国贸期货,2026-07-22,AL2610,,4988
国贸期货,2026-07-22,AL2611,,996
国贸期货,2026-07-22,AL2612,,382
国贸期货,2026-07-21,AL2610,,4578
国贸期货,2026-07-21,AL2611,,650
国贸期货,2026-07-21,AL2612,,534
国贸期货,2026-07-20,AL2610,,4486
国贸期货,2026-07-20,AL2612,,924
国贸期货,2026-07-20,AL2611,,668
国贸期货,2026-07-17,AL2610,,4532
国贸期货,2026-07-17,AL2612,,765
国贸期货,2026-07-17,AL2611,,450
国贸期货,2026-07-16,AL2610,,4582
国贸期货,2026-07-16,AL2612,,764
国贸期货,2026-07-16,AL2611,,
国贸期货,2026-07-15,AL2610,,4128
国贸期货,2026-07-15,AL2612,,765
国贸期货,2026-07-14,AL2610,,3403
国贸期货,2026-07-14,AL2612,,751
国贸期货,2026-07-13,AL2610,,2488
国贸期货,2026-07-13,AL2612,,1002
国贸期货,2026-07-10,AL2610,,2066
国贸期货,2026-07-10,AL2612,,1003
国贸期货,2026-07-09,AL2610,,2035
国贸期货,2026-07-09,AL2612,,1003
国贸期货,2026-07-08,AL2612,,1001
国贸期货,2026-07-08,AL2610,,1630
国贸期货,2026-07-07,AL2612,,1002
国贸期货,2026-07-07,AL2610,,1038
国贸期货,2026-07-06,AL2612,,1004
国贸期货,2026-07-06,AL2610,,
国贸期货,2026-07-03,AL2612,,1005
国贸期货,2026-07-02,AL2612,,1005
国贸期货,2026-07-01,AL2612,,1005
国贸期货,2026-06-30,AL2612,,1005
国贸期货,2026-06-29,AL2612,,1004
国贸期货,2026-06-26,AL2612,,1003
国贸期货,2026-06-26,AL2610,,
国贸期货,2026-06-25,AL2612,,773
国贸期货,2026-06-24,AL2610,,905
国贸期货,2026-06-23,AL2610,,907
国贸期货,2026-06-22,AL2610,,914
国贸期货,2026-06-18,AL2610,,914
国贸期货,2026-06-17,AL2610,,1016
国贸期货,2026-06-16,AL2610,,1009
国贸期货,2026-06-15,AL2610,,402
国贸期货,2026-06-12,AL2610,,445
国贸期货,2026-06-11,AL2610,,482
国贸期货,2026-06-10,AL2610,,399
国贸期货,2026-06-04,AL2610,,
国贸期货,2026-06-03,AL2610,,
紫金天风,2026-09-15,AL2701,,
紫金天风,2026-09-09,AL2701,,359
紫金天风,2026-09-04,AL2701,,
紫金天风,2026-09-03,AL2612,1096,
紫金天风,2026-09-02,AL2612,1142,
紫金天风,2026-09-02,AL2701,,
紫金天风,2026-09-01,AL2612,1221,
紫金天风,2026-08-31,AL2612,1184,
紫金天风,2026-08-31,AL2701,,
紫金天风,2026-08-28,AL2612,1104,
紫金天风,2026-08-27,AL2612,1103,
紫金天风,2026-08-26,AL2612,1097,
紫金天风,2026-08-25,AL2612,1097,
紫金天风,2026-08-24,AL2612,1095,
紫金天风,2026-08-21,AL2612,1088,
紫金天风,2026-08-20,AL2612,1082,
紫金天风,2026-08-19,AL2612,1082,
紫金天风,2026-08-18,AL2612,976,
紫金天风,2026-08-17,AL2612,938,
紫金天风,2026-08-14,AL2612,900,
紫金天风,2026-08-13,AL2612,882,
紫金天风,2026-08-12,AL2612,880,
紫金天风,2026-08-11,AL2612,872,
紫金天风,2026-08-10,AL2612,872,
紫金天风,2026-08-07,AL2612,864,
紫金天风,2026-08-06,AL2612,864,
紫金天风,2026-08-05,AL2612,864,
紫金天风,2026-08-04,AL2612,864,
紫金天风,2026-08-03,AL2612,865,
紫金天风,2026-07-31,AL2612,865,
紫金天风,2026-07-30,AL2612,865,
紫金天风,2026-07-29,AL2612,859,
紫金天风,2026-07-23,AL2610,,
紫金天风,2026-07-22,AL2610,,
紫金天风,2026-07-17,AL2612,,
紫金天风,2026-07-15,AL2612,,239
紫金天风,2026-07-14,AL2612,,239
紫金天风,2026-07-13,AL2612,,
紫金天风,2026-07-09,AL2612,,
紫金天风,2026-06-25,AL2612,,
紫金天风,2026-06-24,AL2612,505,
紫金天风,2026-06-23,AL2612,305,
紫金天风,2026-06-16,AL2612,205,
中粮期货,2026-09-17,AL2610,5018,2848
中粮期货,2026-09-17,AL2701,714,1500
中粮期货,2026-09-17,AL2611,,8010
中粮期货,2026-09-17,AL2612,,3303
中粮期货,2026-09-17,AL2703,,261
中粮期货,2026-09-17,AL2702,,
中粮期货,2026-09-16,AL2610,5701,3517
中粮期货,2026-09-16,AL2701,692,1613
中粮期货,2026-09-16,AL2612,1326,3164
中粮期货,2026-09-16,AL2611,,7446
中粮期货,2026-09-16,AL2703,,260
中粮期货,2026-09-15,AL2610,6137,4014
中粮期货,2026-09-15,AL2701,693,1616
中粮期货,2026-09-15,AL2612,1327,3161
中粮期货,2026-09-15,AL2611,,7085
中粮期货,2026-09-15,AL2703,,257
中粮期货,2026-09-14,AL2610,6271,4687
中粮期货,2026-09-14,AL2701,694,1620
中粮期货,2026-09-14,AL2612,1327,2999
中粮期货,2026-09-14,AL2611,,6899
中粮期货,2026-09-14,AL2703,,257
中粮期货,2026-09-11,AL2610,5344,5338
中粮期货,2026-09-11,AL2701,693,961
中粮期货,2026-09-11,AL2612,1327,2890
中粮期货,2026-09-11,AL2611,,6891
中粮期货,2026-09-10,AL2610,4966,5656
中粮期货,2026-09-10,AL2701,693,631
中粮期货,2026-09-10,AL2612,1337,2929
中粮期货,2026-09-10,AL2611,,7141
中粮期货,2026-09-09,AL2610,4510,5539
中粮期货,2026-09-09,AL2701,692,641
中粮期货,2026-09-09,AL2612,1331,2937
中粮期货,2026-09-09,AL2611,,6986
中粮期货,2026-09-08,AL2701,693,665
中粮期货,2026-09-08,AL2612,1328,2696
中粮期货,2026-09-08,AL2611,,5659
中粮期货,2026-09-08,AL2610,,5685
中粮期货,2026-09-07,AL2701,692,673
中粮期货,2026-09-07,AL2612,1333,2944
中粮期货,2026-09-07,AL2611,,4904
中粮期货,2026-09-07,AL2610,,4998
中粮期货,2026-09-04,AL2701,690,677
中粮期货,2026-09-04,AL2612,1330,2927
中粮期货,2026-09-04,AL2611,,4984
中粮期货,2026-09-04,AL2610,,4348
中粮期货,2026-09-03,AL2701,690,688
中粮期货,2026-09-03,AL2612,1335,2828
中粮期货,2026-09-03,AL2611,,5498
中粮期货,2026-09-03,AL2610,,5009
中粮期货,2026-09-02,AL2701,691,691
中粮期货,2026-09-02,AL2612,1352,3215
中粮期货,2026-09-02,AL2611,,5667
中粮期货,2026-09-02,AL2610,,4424
中粮期货,2026-09-01,AL2701,692,691
中粮期货,2026-09-01,AL2612,1358,3380
中粮期货,2026-09-01,AL2611,,5664
中粮期货,2026-09-01,AL2610,,4574
中粮期货,2026-08-31,AL2701,694,692
中粮期货,2026-08-31,AL2612,1366,3380
中粮期货,2026-08-31,AL2611,,5548
中粮期货,2026-08-31,AL2610,,4453
中粮期货,2026-08-28,AL2701,693,695
中粮期货,2026-08-28,AL2612,1333,3519
中粮期货,2026-08-28,AL2611,,5619
中粮期货,2026-08-28,AL2610,,4822
中粮期货,2026-08-27,AL2701,694,696
中粮期货,2026-08-27,AL2612,1334,3508
中粮期货,2026-08-27,AL2611,,5587
中粮期货,2026-08-27,AL2610,,4691
中粮期货,2026-08-26,AL2701,694,710
中粮期货,2026-08-26,AL2612,1019,3505
中粮期货,2026-08-26,AL2611,,5584
中粮期货,2026-08-26,AL2610,,4708
中粮期货,2026-08-25,AL2701,673,710
中粮期货,2026-08-25,AL2612,841,3869
中粮期货,2026-08-25,AL2611,,5601
中粮期货,2026-08-25,AL2610,,4299
中粮期货,2026-08-24,AL2701,652,710
中粮期货,2026-08-24,AL2612,853,3871
中粮期货,2026-08-24,AL2611,1034,5572
中粮期货,2026-08-24,AL2610,,4796
中粮期货,2026-08-21,AL2701,630,712
中粮期货,2026-08-21,AL2612,854,5171
中粮期货,2026-08-21,AL2611,978,5581
中粮期货,2026-08-21,AL2610,,4252
中粮期货,2026-08-20,AL2701,629,711
中粮期货,2026-08-20,AL2612,851,5172
中粮期货,2026-08-20,AL2611,977,5582
中粮期货,2026-08-20,AL2610,,5105
中粮期货,2026-08-19,AL2701,628,703
中粮期货,2026-08-19,AL2612,839,5940
中粮期货,2026-08-19,AL2611,995,4597
中粮期货,2026-08-19,AL2610,,5891
中粮期货,2026-08-18,AL2701,588,756
中粮期货,2026-08-18,AL2612,838,6078
中粮期货,2026-08-18,AL2611,981,3889
中粮期货,2026-08-18,AL2610,,6289
中粮期货,2026-08-17,AL2701,568,756
中粮期货,2026-08-17,AL2612,838,5428
中粮期货,2026-08-17,AL2611,984,3887
中粮期货,2026-08-17,AL2610,,5783
中粮期货,2026-08-14,AL2701,555,756
中粮期货,2026-08-14,AL2612,839,5426
中粮期货,2026-08-14,AL2611,971,3846
中粮期货,2026-08-14,AL2610,,5776
中粮期货,2026-08-13,AL2701,555,770
中粮期货,2026-08-13,AL2611,971,2847
中粮期货,2026-08-13,AL2612,837,5425
中粮期货,2026-08-13,AL2610,,5802
中粮期货,2026-08-12,AL2701,555,722
中粮期货,2026-08-12,AL2612,837,5377
中粮期货,2026-08-12,AL2611,967,2656
中粮期货,2026-08-12,AL2610,,5474
中粮期货,2026-08-11,AL2701,554,737
中粮期货,2026-08-11,AL2611,971,2647
中粮期货,2026-08-11,AL2612,836,5485
中粮期货,2026-08-11,AL2610,,5325
中粮期货,2026-08-10,AL2701,553,747
中粮期货,2026-08-10,AL2611,972,2647
中粮期货,2026-08-10,AL2612,831,5485
中粮期货,2026-08-10,AL2610,,5215
中粮期货,2026-08-07,AL2611,984,2642
中粮期货,2026-08-07,AL2701,553,747
中粮期货,2026-08-07,AL2612,831,5496
中粮期货,2026-08-07,AL2610,,5028
中粮期货,2026-08-06,AL2701,553,749
中粮期货,2026-08-06,AL2611,983,2641
中粮期货,2026-08-06,AL2612,835,5547
中粮期货,2026-08-06,AL2610,,4983
中粮期货,2026-08-05,AL2701,553,686
中粮期货,2026-08-05,AL2611,984,2641
中粮期货,2026-08-05,AL2612,833,5782
中粮期货,2026-08-05,AL2610,1649,5009
中粮期货,2026-08-04,AL2701,533,624
中粮期货,2026-08-04,AL2611,985,2601
中粮期货,2026-08-04,AL2612,830,5256
中粮期货,2026-08-04,AL2610,,5316
中粮期货,2026-08-03,AL2701,525,622
中粮期货,2026-08-03,AL2611,980,2591
中粮期货,2026-08-03,AL2612,930,5047
中粮期货,2026-08-03,AL2610,,5249
中粮期货,2026-07-31,AL2701,510,622
中粮期货,2026-07-31,AL2611,980,2753
中粮期货,2026-07-31,AL2612,930,4579
中粮期货,2026-07-31,AL2610,,4968
中粮期货,2026-07-30,AL2701,495,622
中粮期货,2026-07-30,AL2611,980,2653
中粮期货,2026-07-30,AL2612,931,4476
中粮期货,2026-07-30,AL2610,1325,5104
中粮期货,2026-07-29,AL2701,481,622
中粮期货,2026-07-29,AL2611,981,2652
中粮期货,2026-07-29,AL2612,930,4718
中粮期货,2026-07-29,AL2610,1367,6203
中粮期货,2026-07-28,AL2701,471,432
中粮期货,2026-07-28,AL2611,981,2591
中粮期货,2026-07-28,AL2612,913,4268
中粮期货,2026-07-28,AL2610,1368,6382
中粮期货,2026-07-27,AL2611,978,2607
中粮期货,2026-07-27,AL2701,470,392
中粮期货,2026-07-27,AL2612,898,4181
中粮期货,2026-07-27,AL2610,1374,6849
中粮期货,2026-07-24,AL2701,470,392
中粮期货,2026-07-24,AL2611,978,2607
中粮期货,2026-07-24,AL2612,884,4183
中粮期货,2026-07-24,AL2610,1322,6849
中粮期货,2026-07-23,AL2701,470,390
中粮期货,2026-07-23,AL2611,977,2558
中粮期货,2026-07-23,AL2612,858,3994
中粮期货,2026-07-23,AL2610,1336,6650
中粮期货,2026-07-22,AL2611,982,2568
中粮期货,2026-07-22,AL2701,470,361
中粮期货,2026-07-22,AL2612,855,2765
中粮期货,2026-07-22,AL2610,1315,6945
中粮期货,2026-07-21,AL2611,982,2417
中粮期货,2026-07-21,AL2701,470,342
中粮期货,2026-07-21,AL2612,838,3262
中粮期货,2026-07-21,AL2610,1313,6948
中粮期货,2026-07-20,AL2611,981,2428
中粮期货,2026-07-20,AL2701,470,342
中粮期货,2026-07-20,AL2612,822,3351
中粮期货,2026-07-20,AL2610,1316,7151
中粮期货,2026-07-17,AL2611,982,2440
中粮期货,2026-07-17,AL2701,470,334
中粮期货,2026-07-17,AL2612,817,3344
中粮期货,2026-07-17,AL2610,1314,7381
中粮期货,2026-07-16,AL2611,981,2197
中粮期货,2026-07-16,AL2612,813,3334
中粮期货,2026-07-16,AL2610,1312,7573
中粮期货,2026-07-15,AL2611,1020,2048
中粮期货,2026-07-15,AL2612,808,3334
中粮期货,2026-07-15,AL2610,1313,8539
中粮期货,2026-07-14,AL2611,1020,2048
中粮期货,2026-07-14,AL2612,802,3334
中粮期货,2026-07-14,AL2610,1313,8539
中粮期货,2026-07-13,AL2611,1020,2048
中粮期货,2026-07-13,AL2612,798,3314
中粮期货,2026-07-13,AL2610,1308,8741
中粮期货,2026-07-10,AL2611,1020,2037
中粮期货,2026-07-10,AL2612,792,3313
中粮期货,2026-07-10,AL2610,1312,8258
中粮期货,2026-07-09,AL2611,1020,2049
中粮期货,2026-07-09,AL2612,789,3313
中粮期货,2026-07-09,AL2610,1308,7483
中粮期货,2026-07-08,AL2611,1022,2036
中粮期货,2026-07-08,AL2612,783,3313
中粮期货,2026-07-08,AL2610,1313,7132
中粮期货,2026-07-07,AL2611,1021,2036
中粮期货,2026-07-07,AL2610,1308,6752
中粮期货,2026-07-07,AL2612,527,3264
中粮期货,2026-07-06,AL2611,1019,2036
中粮期货,2026-07-06,AL2610,1311,5957
中粮期货,2026-07-06,AL2612,,3125
中粮期货,2026-07-03,AL2611,862,1993
中粮期货,2026-07-03,AL2610,1312,6044
中粮期货,2026-07-03,AL2612,,3010
中粮期货,2026-07-02,AL2611,858,1991
中粮期货,2026-07-02,AL2610,1351,5271
中粮期货,2026-07-02,AL2612,,3010
中粮期货,2026-07-01,AL2611,848,1991
中粮期货,2026-07-01,AL2610,1208,4544
中粮期货,2026-07-01,AL2612,,3010
中粮期货,2026-06-30,AL2611,840,1967
中粮期货,2026-06-30,AL2610,1185,4141
中粮期货,2026-06-30,AL2612,,2810
中粮期货,2026-06-29,AL2611,835,1970
中粮期货,2026-06-29,AL2610,1174,4371
中粮期货,2026-06-29,AL2612,,2382
中粮期货,2026-06-26,AL2611,830,1970
中粮期货,2026-06-26,AL2610,1183,4421
中粮期货,2026-06-26,AL2612,,2378
中粮期货,2026-06-25,AL2611,824,2422
中粮期货,2026-06-25,AL2610,1184,4857
中粮期货,2026-06-25,AL2612,,2209
中粮期货,2026-06-24,AL2611,819,2329
中粮期货,2026-06-24,AL2610,1345,5397
中粮期货,2026-06-24,AL2612,,2009
中粮期货,2026-06-23,AL2611,601,2325
中粮期货,2026-06-23,AL2610,1238,5282
中粮期货,2026-06-23,AL2612,,1959
中粮期货,2026-06-22,AL2611,605,1807
中粮期货,2026-06-22,AL2610,1229,3982
中粮期货,2026-06-22,AL2612,,1759
中粮期货,2026-06-18,AL2611,600,1803
中粮期货,2026-06-18,AL2610,1232,3981
中粮期货,2026-06-18,AL2612,,1759
中粮期货,2026-06-17,AL2611,600,1803
中粮期货,2026-06-17,AL2610,1230,2974
中粮期货,2026-06-17,AL2612,,1759
中粮期货,2026-06-16,AL2611,600,1803
中粮期货,2026-06-16,AL2610,1228,2968
中粮期货,2026-06-16,AL2612,,1759
中粮期货,2026-06-15,AL2611,483,1634
中粮期货,2026-06-15,AL2610,1067,1159
中粮期货,2026-06-15,AL2612,,1759
中粮期货,2026-06-12,AL2611,483,1634
中粮期货,2026-06-12,AL2610,1067,1175
中粮期货,2026-06-12,AL2612,,1757
中粮期货,2026-06-11,AL2611,483,1634
中粮期货,2026-06-11,AL2610,1068,1218
中粮期货,2026-06-11,AL2612,,1755
中粮期货,2026-06-10,AL2610,1071,1063
中粮期货,2026-06-10,AL2612,,1755
中粮期货,2026-06-09,AL2612,,1755
中粮期货,2026-06-09,AL2610,,613
中粮期货,2026-06-08,AL2610,,613
中粮期货,2026-06-05,AL2610,,575
中粮期货,2026-06-04,AL2610,,575
中粮期货,2026-06-03,AL2610,,576
中粮期货,2026-06-02,AL2610,,578
中粮期货,2026-06-01,AL2610,,575
中粮期货,2026-05-29,AL2610,,574
中粮期货,2026-05-28,AL2610,,575
中粮期货,2026-05-27,AL2610,,576
中粮期货,2026-05-26,AL2610,,575
中粮期货,2026-05-25,AL2610,,574
中粮期货,2026-05-22,AL2610,,575
中粮期货,2026-05-21,AL2610,,575
中粮期货,2026-05-20,AL2610,,580
中粮期货,2026-05-19,AL2610,,580
中粮期货,2026-05-18,AL2610,,580
中粮期货,2026-05-15,AL2610,,1375
中粮期货,2026-05-14,AL2610,,1497
中粮期货,2026-05-13,AL2610,,1694
中粮期货,2026-05-12,AL2610,,1694
中粮期货,2026-05-11,AL2610,,1694
中粮期货,2026-05-08,AL2610,,1694
中粮期货,2026-05-07,AL2610,,1697
中粮期货,2026-05-06,AL2610,,1696
中粮期货,2026-04-30,AL2610,,1696
中粮期货,2026-04-29,AL2610,,1696
光大期货,2026-09-17,AL2703,1088,
光大期货,2026-09-17,AL2702,599,531
光大期货,2026-09-17,AL2612,1703,3219
光大期货,2026-09-17,AL2701,830,2402
光大期货,2026-09-17,AL2610,2136,
光大期货,2026-09-17,AL2611,2670,
光大期货,2026-09-16,AL2703,1088,
光大期货,2026-09-16,AL2702,601,531
光大期货,2026-09-16,AL2701,826,2409
光大期货,2026-09-16,AL2612,1627,3201
光大期货,2026-09-16,AL2611,2615,
光大期货,2026-09-15,AL2703,1088,
光大期货,2026-09-15,AL2701,826,2405
光大期货,2026-09-15,AL2702,602,531
光大期货,2026-09-15,AL2612,1537,3200
光大期货,2026-09-15,AL2611,2616,
光大期货,2026-09-15,AL2610,,
光大期货,2026-09-14,AL2703,1086,
光大期货,2026-09-14,AL2701,830,2544
光大期货,2026-09-14,AL2702,599,530
光大期货,2026-09-14,AL2612,1535,3207
光大期货,2026-09-14,AL2611,2733,
光大期货,2026-09-11,AL2701,825,2025
光大期货,2026-09-11,AL2702,701,
光大期货,2026-09-11,AL2612,1498,3205
光大期货,2026-09-11,AL2611,2875,
光大期货,2026-09-10,AL2702,701,
光大期货,2026-09-10,AL2701,834,2027
光大期货,2026-09-10,AL2612,1508,3194
光大期货,2026-09-10,AL2611,2691,
光大期货,2026-09-09,AL2701,859,2025
光大期货,2026-09-09,AL2702,700,
光大期货,2026-09-09,AL2612,1499,3200
光大期货,2026-09-09,AL2611,2482,
光大期货,2026-09-08,AL2702,700,
光大期货,2026-09-08,AL2701,865,2022
光大期货,2026-09-08,AL2612,1462,3288
光大期货,2026-09-08,AL2611,2389,
光大期货,2026-09-08,AL2610,3834,
光大期货,2026-09-07,AL2702,701,
光大期货,2026-09-07,AL2701,814,2026
光大期货,2026-09-07,AL2612,1467,3270
光大期货,2026-09-07,AL2610,4045,
光大期货,2026-09-07,AL2611,2199,
光大期货,2026-09-04,AL2702,705,
光大期货,2026-09-04,AL2701,818,2020
光大期货,2026-09-04,AL2612,1466,3270
光大期货,2026-09-04,AL2610,4010,
光大期货,2026-09-03,AL2702,703,
光大期货,2026-09-03,AL2701,814,2019
光大期货,2026-09-03,AL2612,1368,3225
光大期货,2026-09-03,AL2610,3983,
光大期货,2026-09-02,AL2702,703,
光大期货,2026-09-02,AL2610,4122,
光大期货,2026-09-02,AL2701,772,2019
光大期货,2026-09-02,AL2612,1378,3219
光大期货,2026-09-01,AL2702,701,
光大期货,2026-09-01,AL2610,4412,
光大期货,2026-09-01,AL2701,770,2019
光大期货,2026-09-01,AL2612,1385,3219
光大期货,2026-08-31,AL2702,701,
光大期货,2026-08-31,AL2610,4886,
光大期货,2026-08-31,AL2701,767,2020
光大期货,2026-08-31,AL2612,1388,3218
光大期货,2026-08-28,AL2702,701,
光大期货,2026-08-28,AL2610,5029,
光大期货,2026-08-28,AL2701,774,1894
光大期货,2026-08-28,AL2612,1393,3216
光大期货,2026-08-27,AL2702,701,
光大期货,2026-08-27,AL2701,773,1894
光大期货,2026-08-27,AL2610,4743,
光大期货,2026-08-27,AL2612,1398,3215
光大期货,2026-08-26,AL2702,701,
光大期货,2026-08-26,AL2701,773,1934
光大期货,2026-08-26,AL2610,5042,
光大期货,2026-08-26,AL2612,1407,3255
光大期货,2026-08-26,AL2611,1294,
光大期货,2026-08-25,AL2701,770,1998
光大期货,2026-08-25,AL2612,1415,3259
光大期货,2026-08-25,AL2610,5211,
光大期货,2026-08-25,AL2611,1225,
光大期货,2026-08-24,AL2701,771,1999
光大期货,2026-08-24,AL2612,1407,3263
光大期货,2026-08-24,AL2610,5119,
光大期货,2026-08-24,AL2611,1028,
光大期货,2026-08-21,AL2701,766,2038
光大期货,2026-08-21,AL2612,1408,3256
光大期货,2026-08-21,AL2610,4914,
光大期货,2026-08-20,AL2701,763,2047
光大期货,2026-08-20,AL2612,1402,2927
光大期货,2026-08-20,AL2610,5358,
光大期货,2026-08-20,AL2611,1001,
光大期货,2026-08-19,AL2701,758,2039
光大期货,2026-08-19,AL2612,1416,2925
光大期货,2026-08-19,AL2610,5009,
光大期货,2026-08-19,AL2611,980,
光大期货,2026-08-18,AL2701,756,2021
光大期货,2026-08-18,AL2612,1407,2928
光大期货,2026-08-18,AL2610,5021,
光大期货,2026-08-18,AL2611,865,
光大期货,2026-08-17,AL2701,753,2155
光大期货,2026-08-17,AL2612,1407,2927
光大期货,2026-08-17,AL2610,4819,
光大期货,2026-08-14,AL2701,753,2135
光大期货,2026-08-14,AL2612,1405,2926
光大期货,2026-08-14,AL2610,3914,
光大期货,2026-08-13,AL2701,750,1586
光大期货,2026-08-13,AL2612,1405,2928
光大期货,2026-08-13,AL2610,3741,
光大期货,2026-08-12,AL2701,751,1387
光大期货,2026-08-12,AL2612,1401,2936
光大期货,2026-08-12,AL2610,3660,
光大期货,2026-08-11,AL2701,751,1387
光大期货,2026-08-11,AL2612,1400,2937
光大期货,2026-08-11,AL2610,3149,
光大期货,2026-08-11,AL2611,668,
光大期货,2026-08-10,AL2701,751,1334
光大期货,2026-08-10,AL2612,1396,2935
光大期货,2026-08-10,AL2610,2730,
光大期货,2026-08-07,AL2701,747,1171
光大期货,2026-08-07,AL2612,1392,2934
光大期货,2026-08-07,AL2610,2634,
光大期货,2026-08-07,AL2611,,
光大期货,2026-08-06,AL2701,733,1093
光大期货,2026-08-06,AL2612,1408,2724
光大期货,2026-08-06,AL2611,,1416
光大期货,2026-08-05,AL2701,730,1093
光大期货,2026-08-05,AL2612,1405,2731
光大期货,2026-08-05,AL2611,,1415
光大期货,2026-08-04,AL2701,727,1018
光大期货,2026-08-04,AL2612,1405,2730
光大期货,2026-08-04,AL2611,,1418
光大期货,2026-08-03,AL2701,729,1018
光大期货,2026-08-03,AL2612,1393,2724
光大期货,2026-08-03,AL2611,,1417
光大期货,2026-07-31,AL2701,727,1018
光大期货,2026-07-31,AL2612,1333,2728
光大期货,2026-07-31,AL2611,,1091
光大期货,2026-07-30,AL2701,726,1018
光大期货,2026-07-30,AL2612,1329,2723
光大期货,2026-07-30,AL2611,,1094
光大期货,2026-07-29,AL2701,726,1018
光大期货,2026-07-29,AL2612,1328,2723
光大期货,2026-07-29,AL2610,1282,
光大期货,2026-07-29,AL2611,,1094
光大期货,2026-07-28,AL2701,728,667
光大期货,2026-07-28,AL2612,1320,2321
光大期货,2026-07-28,AL2610,1351,
光大期货,2026-07-28,AL2611,,635
光大期货,2026-07-27,AL2701,724,1191
光大期货,2026-07-27,AL2612,1300,2321
光大期货,2026-07-27,AL2611,519,634
光大期货,2026-07-27,AL2610,1277,
光大期货,2026-07-24,AL2701,724,1236
光大期货,2026-07-24,AL2612,1298,2321
光大期货,2026-07-24,AL2610,1271,
光大期货,2026-07-24,AL2611,498,633
光大期货,2026-07-23,AL2701,726,1236
光大期货,2026-07-23,AL2612,1294,2321
光大期货,2026-07-23,AL2610,1185,
光大期货,2026-07-23,AL2611,498,634
光大期货,2026-07-22,AL2701,724,1235
光大期货,2026-07-22,AL2612,1283,2321
光大期货,2026-07-22,AL2610,1278,1887
光大期货,2026-07-22,AL2611,504,633
光大期货,2026-07-21,AL2701,725,1235
光大期货,2026-07-21,AL2612,1282,2321
光大期货,2026-07-21,AL2610,1250,1887
光大期货,2026-07-21,AL2611,500,633
光大期货,2026-07-20,AL2701,725,1913
光大期货,2026-07-20,AL2610,1127,2536
光大期货,2026-07-20,AL2612,582,2320
光大期货,2026-07-20,AL2611,502,633
光大期货,2026-07-17,AL2701,724,1913
光大期货,2026-07-17,AL2612,582,2320
光大期货,2026-07-17,AL2610,1098,2894
光大期货,2026-07-17,AL2611,501,633
光大期货,2026-07-16,AL2612,582,2319
光大期货,2026-07-16,AL2610,1103,2954
光大期货,2026-07-16,AL2611,499,639
光大期货,2026-07-15,AL2612,582,2318
光大期货,2026-07-15,AL2610,1150,3359
光大期货,2026-07-15,AL2611,498,639
光大期货,2026-07-14,AL2612,581,2328
光大期货,2026-07-14,AL2610,1129,3363
光大期货,2026-07-14,AL2611,478,649
光大期货,2026-07-13,AL2612,581,2328
光大期货,2026-07-13,AL2610,1244,3523
光大期货,2026-07-13,AL2611,479,676
光大期货,2026-07-10,AL2612,581,2328
光大期货,2026-07-10,AL2610,1235,3578
光大期货,2026-07-10,AL2611,479,713
光大期货,2026-07-09,AL2612,581,2328
光大期货,2026-07-09,AL2610,1223,3565
光大期货,2026-07-09,AL2611,479,703
光大期货,2026-07-08,AL2612,580,2650
光大期货,2026-07-08,AL2610,1190,3579
光大期货,2026-07-08,AL2611,481,821
光大期货,2026-07-07,AL2612,580,2743
光大期货,2026-07-07,AL2610,1038,3624
光大期货,2026-07-07,AL2611,478,849
光大期货,2026-07-06,AL2612,575,2794
光大期货,2026-07-06,AL2610,1043,4408
光大期货,2026-07-06,AL2611,478,896
光大期货,2026-07-03,AL2612,575,2762
光大期货,2026-07-03,AL2610,1210,3510
光大期货,2026-07-03,AL2611,478,811
光大期货,2026-07-02,AL2612,580,2767
光大期货,2026-07-02,AL2610,1217,3490
光大期货,2026-07-02,AL2611,481,707
光大期货,2026-07-01,AL2612,585,2769
光大期货,2026-07-01,AL2610,1104,3488
光大期货,2026-07-01,AL2611,481,819
光大期货,2026-06-30,AL2612,575,2769
光大期货,2026-06-30,AL2610,1118,3533
光大期货,2026-06-30,AL2611,479,714
光大期货,2026-06-29,AL2612,575,2715
光大期货,2026-06-29,AL2611,474,708
光大期货,2026-06-29,AL2610,1054,1609
光大期货,2026-06-26,AL2612,575,2733
光大期货,2026-06-26,AL2610,1053,1434
光大期货,2026-06-26,AL2611,473,984
光大期货,2026-06-25,AL2612,580,2733
光大期货,2026-06-25,AL2610,1052,1143
光大期货,2026-06-25,AL2611,471,977
光大期货,2026-06-24,AL2612,578,2585
光大期货,2026-06-24,AL2611,471,979
光大期货,2026-06-24,AL2610,894,1906
光大期货,2026-06-23,AL2612,559,994
光大期货,2026-06-23,AL2611,511,977
光大期货,2026-06-23,AL2610,893,3011
光大期货,2026-06-22,AL2611,505,355
光大期货,2026-06-22,AL2612,451,796
光大期货,2026-06-22,AL2610,822,1821
光大期货,2026-06-18,AL2611,507,363
光大期货,2026-06-18,AL2612,451,795
光大期货,2026-06-18,AL2610,822,1834
光大期货,2026-06-17,AL2611,507,355
光大期货,2026-06-17,AL2612,351,791
光大期货,2026-06-17,AL2610,889,1586
光大期货,2026-06-16,AL2611,507,355
光大期货,2026-06-16,AL2612,351,792
光大期货,2026-06-16,AL2610,889,1039
光大期货,2026-06-15,AL2611,505,360
光大期货,2026-06-15,AL2610,881,1010
光大期货,2026-06-15,AL2612,249,785
光大期货,2026-06-12,AL2611,507,360
光大期货,2026-06-12,AL2610,882,949
光大期货,2026-06-12,AL2612,249,785
光大期货,2026-06-11,AL2611,507,311
光大期货,2026-06-11,AL2610,881,1100
光大期货,2026-06-11,AL2612,250,636
光大期货,2026-06-10,AL2610,881,1273
光大期货,2026-06-10,AL2612,256,585
光大期货,2026-06-09,AL2610,878,1013
光大期货,2026-06-09,AL2612,249,585
光大期货,2026-06-08,AL2610,820,1066
光大期货,2026-06-05,AL2610,718,853
光大期货,2026-06-04,AL2610,1158,
光大期货,2026-06-03,AL2610,1055,
光大期货,2026-06-02,AL2610,1056,
光大期货,2026-06-01,AL2610,1058,
光大期货,2026-05-29,AL2610,1058,
光大期货,2026-05-28,AL2610,1058,
光大期货,2026-05-27,AL2610,1058,
光大期货,2026-05-26,AL2610,1059,
光大期货,2026-05-25,AL2610,919,
光大期货,2026-05-22,AL2610,920,
光大期货,2026-05-21,AL2610,921,
光大期货,2026-05-20,AL2610,867,
光大期货,2026-05-19,AL2610,867,
光大期货,2026-05-18,AL2610,867,
光大期货,2026-05-15,AL2610,867,
光大期货,2026-05-14,AL2610,867,
光大期货,2026-05-13,AL2610,768,
光大期货,2026-05-12,AL2610,691,
光大期货,2026-05-11,AL2610,641,
光大期货,2026-05-08,AL2610,642,
光大期货,2026-05-07,AL2610,640,
光大期货,2026-05-06,AL2610,1204,
光大期货,2026-04-30,AL2610,1203,
光大期货,2026-04-29,AL2610,1378,
