metal,date,contract,volume,long_oi,short_oi,settle
CU,2026-08-17,CU2608,3385,7320,6910,109390
CU,2026-08-14,CU2608,13180,7785,7095,108240
CU,2026-08-13,CU2608,25855,12675,11215,108320
CU,2026-08-12,CU2608,18935,21730,17550,108580
CU,2026-08-11,CU2608,23035,24160,19440,108410
CU,2026-08-10,CU2608,28560,29190,25185,107880
CU,2026-08-07,CU2608,27955,34070,30455,108260
CU,2026-08-06,CU2608,23315,36820,32325,107810
CU,2026-08-05,CU2608,21675,37890,33515,107210
CU,2026-08-04,CU2608,21680,40010,35615,106570
CU,2026-08-03,CU2608,29157,42100,36890,105920
CU,2026-07-31,CU2608,34504,44641,37937,105740
CU,2026-07-30,CU2608,42172,50273,42241,105010
CU,2026-07-29,CU2608,37456,54807,48289,104950
CU,2026-07-28,CU2608,51301,60976,53643,105100
CU,2026-07-27,CU2608,71817,67167,58731,105170
CU,2026-07-24,CU2608,80934,70610,62356,104900
CU,2026-07-23,CU2608,46113,74781,65943,106120
CU,2026-07-22,CU2608,83973,77965,68454,106230
CU,2026-07-21,CU2608,94143,82197,74269,104960
CU,2026-07-20,CU2608,81823,83163,78409,103940
CU,2026-07-17,CU2608,90648,87319,84854,103810
CU,2026-07-16,CU2608,78426,89220,87362,104310
CU,2026-07-15,CU2608,112183,94805,93174,104680
CU,2026-07-14,CU2608,126221,96985,97298,104100
CU,2026-07-13,CU2608,97712,93896,97313,103290
CU,2026-07-10,CU2608,111213,98785,100920,103810
CU,2026-07-09,CU2608,123531,100315,106802,102300
CU,2026-07-08,CU2608,92946,96463,104114,103000
CU,2026-07-07,CU2608,77605,95816,103651,102960
CU,2026-07-06,CU2608,80678,96601,106575,103080
CU,2026-07-03,CU2608,105390,98625,106988,102830
CU,2026-07-02,CU2608,117472,98539,109248,102290
CU,2026-07-01,CU2608,113295,97385,109481,102450
CU,2026-06-30,CU2608,116154,98025,108891,102490
CU,2026-06-29,CU2608,142183,98994,107946,102620
CU,2026-06-26,CU2608,159162,103784,110956,101820
CU,2026-06-25,CU2608,214259,109588,114400,101350
CU,2026-06-24,CU2608,128081,104918,113506,103250
CU,2026-06-23,CU2608,100617,100743,109177,104170
CU,2026-06-22,CU2608,60552,101902,109938,104800
CU,2026-06-18,CU2608,79275,101113,110434,105060
CU,2026-06-17,CU2608,65031,98788,106577,105380
CU,2026-06-16,CU2608,63168,95558,103002,105060
CU,2026-06-15,CU2608,78369,96918,99644,105430
CU,2026-06-12,CU2608,89046,89126,94975,104330
CU,2026-06-11,CU2608,86972,86068,91791,103380
CU,2026-06-10,CU2608,76620,87642,90091,104520
CU,2026-06-09,CU2608,52127,86529,88808,104450
CU,2026-06-08,CU2608,90317,86704,89612,104130
CU,2026-06-05,CU2608,63441,89201,90908,105880
CU,2026-06-04,CU2608,60580,88018,91070,105710
CU,2026-06-03,CU2608,61025,90429,91551,106940
CU,2026-06-02,CU2608,64391,85803,87048,106110
CU,2026-06-01,CU2608,34014,83137,84956,104780
CU,2026-05-29,CU2608,52157,82119,83663,104950
CU,2026-05-28,CU2608,59084,80670,83566,104110
CU,2026-05-27,CU2608,44148,74463,75741,105040
CU,2026-05-26,CU2608,44675,68323,69840,105230
CU,2026-05-25,CU2608,34149,65423,69160,105470
CU,2026-05-22,CU2608,35250,64042,67637,104600
CU,2026-05-21,CU2608,49015,61213,65445,104790
CU,2026-05-20,CU2608,38188,57771,61596,103610
CU,2026-05-19,CU2608,28436,55172,59033,104500
CU,2026-05-18,CU2608,42234,54058,57539,104150
CU,2026-05-15,CU2608,56447,51590,56447,105780
CU,2026-05-14,CU2608,42091,48902,55449,107580
CU,2026-05-13,CU2608,59724,46387,53095,108210
CU,2026-05-12,CU2608,45891,41767,52134,106760
CU,2026-05-11,CU2608,31022,39126,47836,104380
CU,2026-05-08,CU2608,27537,37262,43342,103750
CU,2026-05-07,CU2608,15091,36238,42177,102950
CU,2026-05-06,CU2608,10594,35461,41234,102370
CU,2026-04-30,CU2608,17957,35066,40736,100930
CU,2026-04-29,CU2608,19588,33891,39055,101110
CU,2026-04-28,CU2608,18022,31956,37020,102040
CU,2026-04-27,CU2608,9478,29387,32797,102820
CU,2026-04-24,CU2608,11756,28608,31814,102650
CU,2026-04-23,CU2608,14028,27783,30891,103030
CU,2026-04-22,CU2608,6955,26106,29026,102370
CU,2026-04-21,CU2608,8024,25562,28999,102160
CU,2026-04-20,CU2608,12303,25950,29018,102520
CU,2026-04-17,CU2608,9151,24723,27848,101990
CU,2026-04-16,CU2608,7929,23838,27059,102240
CU,2026-04-15,CU2608,11504,23233,26929,102170
CU,2026-04-14,CU2608,9834,23318,26173,100580
CU,2026-04-13,CU2608,8289,22239,25080,99050
CU,2026-04-10,CU2608,4414,21519,24262,98260
CU,2026-04-09,CU2608,4335,21099,23843,97780
CU,2026-04-08,CU2608,6091,21110,23858,97090
CU,2026-04-07,CU2608,3701,20650,23360,96610
CU,2026-04-03,CU2608,5396,19978,22677,96190
CU,2026-04-02,CU2608,6012,19542,22055,96070
CU,2026-04-01,CU2608,5088,19062,21346,96540
CU,2026-03-31,CU2608,4639,18637,21446,95460
CU,2026-03-30,CU2608,4037,18774,21328,95320
CU,2026-03-27,CU2608,4149,18609,21086,95650
CU,2026-03-26,CU2608,4270,18441,21008,95400
CU,2026-03-25,CU2608,8133,18367,20869,95340
CU,2026-03-24,CU2608,8427,17032,19295,94300
CU,2026-03-23,CU2608,12790,17081,19547,92710
CU,2026-03-20,CU2608,11501,15921,17864,94080
CU,2026-03-19,CU2608,10524,15389,17381,95840
CU,2026-03-18,CU2608,4209,14503,16566,99010
CU,2026-03-17,CU2608,5696,14240,16057,100300
CU,2026-03-16,CU2608,7582,13637,15448,99950
CU,2026-03-13,CU2608,3400,13053,14922,100860
CU,2026-03-12,CU2608,3961,12673,14705,101110
CU,2026-03-11,CU2608,1985,12519,14659,101830
CU,2026-03-10,CU2608,3519,12394,14511,101360
AL,2026-08-17,AL2608,2235,14870,14720,23980
AL,2026-08-14,AL2608,4635,14975,14805,23940
AL,2026-08-13,AL2608,6440,15210,15235,24115
AL,2026-08-12,AL2608,11475,16400,16295,24305
AL,2026-08-11,AL2608,14185,17310,17700,24140
AL,2026-08-10,AL2608,14895,20095,21035,24005
AL,2026-08-07,AL2608,15240,22640,23690,23960
AL,2026-08-06,AL2608,18165,24710,25675,23805
AL,2026-08-05,AL2608,10020,27550,28540,23710
AL,2026-08-04,AL2608,16395,29805,29655,23720
AL,2026-08-03,AL2608,19685,33460,33165,23550
AL,2026-07-31,AL2608,25040,36318,36568,23635
AL,2026-07-30,AL2608,50529,40358,40190,23560
AL,2026-07-29,AL2608,98450,45884,48538,23380
AL,2026-07-28,AL2608,79051,58266,60384,23195
AL,2026-07-27,AL2608,93986,67042,70291,23170
AL,2026-07-24,AL2608,72734,70059,72805,23200
AL,2026-07-23,AL2608,76641,75672,77535,23270
AL,2026-07-22,AL2608,86101,84108,84079,23170
AL,2026-07-21,AL2608,123390,91074,90583,23050
AL,2026-07-20,AL2608,189779,102378,101781,23205
AL,2026-07-17,AL2608,144703,113956,111034,23210
AL,2026-07-16,AL2608,169063,121747,117376,23165
AL,2026-07-15,AL2608,187917,131461,126477,23225
AL,2026-07-14,AL2608,338738,135881,129598,23210
AL,2026-07-13,AL2608,239391,151817,138741,23000
AL,2026-07-10,AL2608,229971,153113,140773,23095
AL,2026-07-09,AL2608,259431,157042,141600,22995
AL,2026-07-08,AL2608,225890,159361,141113,23070
AL,2026-07-07,AL2608,224529,168627,149709,22920
AL,2026-07-06,AL2608,255862,173008,154659,22835
AL,2026-07-03,AL2608,349564,178752,161015,22660
AL,2026-07-02,AL2608,301529,188710,175323,22490
AL,2026-07-01,AL2608,409595,191739,178051,22485
AL,2026-06-30,AL2608,583923,196633,182583,22585
AL,2026-06-29,AL2608,367342,186896,173386,23020
AL,2026-06-26,AL2608,432824,194469,183893,22930
AL,2026-06-25,AL2608,580981,201735,191789,22975
AL,2026-06-24,AL2608,365790,187789,190494,23470
AL,2026-06-23,AL2608,333721,168957,177792,23775
AL,2026-06-22,AL2608,129647,141026,143864,24065
AL,2026-06-18,AL2608,122303,136539,146431,23945
AL,2026-06-17,AL2608,123279,136508,148566,23940
AL,2026-06-16,AL2608,240741,138272,154146,23890
AL,2026-06-15,AL2608,134969,129049,138805,24295
AL,2026-06-12,AL2608,174780,128175,140037,24235
AL,2026-06-11,AL2608,164693,131116,147867,24065
AL,2026-06-10,AL2608,179013,132584,147091,24000
AL,2026-06-09,AL2608,123282,128796,141011,24125
AL,2026-06-08,AL2608,239801,125668,136578,24155
AL,2026-06-05,AL2608,136449,132618,145373,24365
AL,2026-06-04,AL2608,127524,131218,142723,24445
AL,2026-06-03,AL2608,148669,127095,136091,24735
AL,2026-06-02,AL2608,222703,126968,134520,24660
AL,2026-06-01,AL2608,88594,120898,132914,24390
AL,2026-05-29,AL2608,114516,117793,132214,24405
AL,2026-05-28,AL2608,139881,109839,126388,24360
AL,2026-05-27,AL2608,96899,101137,111698,24640
AL,2026-05-26,AL2608,133918,95030,106074,24465
AL,2026-05-25,AL2608,82635,86044,97159,24490
AL,2026-05-22,AL2608,52722,79625,89371,24555
AL,2026-05-21,AL2608,61531,75287,85981,24595
AL,2026-05-20,AL2608,48204,76392,84964,24530
AL,2026-05-19,AL2608,40784,73040,81713,24505
AL,2026-05-18,AL2608,53435,71413,80323,24305
AL,2026-05-15,AL2608,70968,69455,79304,24605
AL,2026-05-14,AL2608,69495,62560,73750,24965
AL,2026-05-13,AL2608,67535,60849,69118,24840
AL,2026-05-12,AL2608,43727,55749,60980,24735
AL,2026-05-11,AL2608,42796,54787,58996,24650
AL,2026-05-08,AL2608,36253,53023,55643,24530
AL,2026-05-07,AL2608,43521,50076,52709,24460
AL,2026-05-06,AL2608,21880,47179,50419,24760
AL,2026-04-30,AL2608,31801,44586,48224,24525
AL,2026-04-29,AL2608,32823,43387,44737,24685
AL,2026-04-28,AL2608,44393,41580,41785,24755
AL,2026-04-27,AL2608,45322,36959,37307,25050
AL,2026-04-24,AL2608,30137,34293,35564,25030
AL,2026-04-23,AL2608,31473,31306,33870,25120
AL,2026-04-22,AL2608,21935,30118,33105,25090
AL,2026-04-21,AL2608,30566,28062,32410,25030
AL,2026-04-20,AL2608,32397,27404,32522,25240
AL,2026-04-17,AL2608,23140,27684,31117,25505
AL,2026-04-16,AL2608,46397,26241,29560,25380
AL,2026-04-15,AL2608,15524,24883,28662,24945
AL,2026-04-14,AL2608,17758,23412,26633,25000
AL,2026-04-13,AL2608,18551,22086,24987,24750
AL,2026-04-10,AL2608,8420,21710,23716,24715
AL,2026-04-09,AL2608,9489,21726,23805,24655
AL,2026-04-08,AL2608,9858,21728,23255,24770
AL,2026-04-07,AL2608,6295,20565,22613,24725
AL,2026-04-03,AL2608,10626,20580,22494,24780
AL,2026-04-02,AL2608,19899,20650,22216,24910
AL,2026-04-01,AL2608,16218,19672,21652,24930
AL,2026-03-31,AL2608,16471,18980,20716,24850
AL,2026-03-30,AL2608,19934,17763,19578,24640
AL,2026-03-27,AL2608,5773,16664,18375,24005
AL,2026-03-26,AL2608,7511,16223,18158,23855
AL,2026-03-25,AL2608,6235,15120,17064,23975
AL,2026-03-24,AL2608,10954,14705,16625,23810
AL,2026-03-23,AL2608,19346,14602,16410,23670
AL,2026-03-20,AL2608,17871,13302,14317,23915
ZN,2026-08-17,ZN2608,430,5395,5395,25840
ZN,2026-08-14,ZN2608,800,5380,5380,25555
ZN,2026-08-13,ZN2608,2560,5445,5440,25575
ZN,2026-08-12,ZN2608,1200,5880,5820,25650
ZN,2026-08-11,ZN2608,1715,5845,5770,25605
ZN,2026-08-10,ZN2608,2945,6055,5870,25505
ZN,2026-08-07,ZN2608,2425,6715,6445,25870
ZN,2026-08-06,ZN2608,5340,7140,6700,25615
ZN,2026-08-05,ZN2608,3965,8160,7620,25220
ZN,2026-08-04,ZN2608,4945,8225,7865,24920
ZN,2026-08-03,ZN2608,8901,9590,8750,25075
ZN,2026-07-31,ZN2608,15301,9783,9373,24865
ZN,2026-07-30,ZN2608,21735,11904,11233,24690
ZN,2026-07-29,ZN2608,29069,15169,13748,24675
ZN,2026-07-28,ZN2608,32915,19044,16763,24735
ZN,2026-07-27,ZN2608,59152,22327,19926,24805
ZN,2026-07-24,ZN2608,40731,25797,22709,24720
ZN,2026-07-23,ZN2608,63732,28483,25459,24770
ZN,2026-07-22,ZN2608,48295,29779,27118,24495
ZN,2026-07-21,ZN2608,64473,31261,29155,24360
ZN,2026-07-20,ZN2608,114085,34281,33080,24350
ZN,2026-07-17,ZN2608,117699,41328,39875,24565
ZN,2026-07-16,ZN2608,121275,46394,42490,24615
ZN,2026-07-15,ZN2608,97603,53275,46829,24830
ZN,2026-07-14,ZN2608,137087,54466,49355,24705
ZN,2026-07-13,ZN2608,140927,58829,52364,24800
ZN,2026-07-10,ZN2608,153212,62957,53885,24910
ZN,2026-07-09,ZN2608,167220,59461,52585,24605
ZN,2026-07-08,ZN2608,121939,62058,54682,24695
ZN,2026-07-07,ZN2608,161420,65635,56582,24700
ZN,2026-07-06,ZN2608,161917,64252,58621,24465
ZN,2026-07-03,ZN2608,178976,65171,60657,24260
ZN,2026-07-02,ZN2608,213549,68171,62071,24315
ZN,2026-07-01,ZN2608,183022,69164,62105,24490
ZN,2026-06-30,ZN2608,199105,68324,62904,24245
ZN,2026-06-29,ZN2608,227229,73535,65839,24260
ZN,2026-06-26,ZN2608,217211,77795,73914,23885
ZN,2026-06-25,ZN2608,251372,78557,71281,24010
ZN,2026-06-24,ZN2608,204156,77252,68312,24370
ZN,2026-06-23,ZN2608,191354,81189,67144,24765
ZN,2026-06-22,ZN2608,109776,80698,64659,24725
ZN,2026-06-18,ZN2608,110686,75694,62654,24850
ZN,2026-06-17,ZN2608,98879,72761,61329,24710
ZN,2026-06-16,ZN2608,83730,68913,55433,24815
ZN,2026-06-15,ZN2608,125237,68939,55117,24735
ZN,2026-06-12,ZN2608,94875,65907,56817,24310
ZN,2026-06-11,ZN2608,123189,64827,55081,24340
ZN,2026-06-10,ZN2608,69248,70279,57654,24825
ZN,2026-06-09,ZN2608,57120,70738,57427,24760
ZN,2026-06-08,ZN2608,71928,69715,56299,24765
ZN,2026-06-05,ZN2608,52960,69021,57030,24920
ZN,2026-06-04,ZN2608,71422,67522,56203,25055
ZN,2026-06-03,ZN2608,72581,65180,54644,25280
ZN,2026-06-02,ZN2608,65115,63083,52410,24935
ZN,2026-06-01,ZN2608,59065,59167,51129,24785
ZN,2026-05-29,ZN2608,71171,58642,48937,24950
ZN,2026-05-28,ZN2608,68707,56189,47624,24755
ZN,2026-05-27,ZN2608,54391,49611,42992,24905
ZN,2026-05-26,ZN2608,41530,43752,36256,25040
ZN,2026-05-25,ZN2608,26529,38462,32356,24880
ZN,2026-05-22,ZN2608,25260,34774,29731,24840
ZN,2026-05-21,ZN2608,21053,32280,27028,24940
ZN,2026-05-20,ZN2608,20220,31071,26305,24625
ZN,2026-05-19,ZN2608,22494,29617,24642,24705
ZN,2026-05-18,ZN2608,22682,26819,21821,24720
ZN,2026-05-15,ZN2608,33920,24857,19672,24935
ZN,2026-05-14,ZN2608,25269,21455,17465,24990
ZN,2026-05-13,ZN2608,31836,19660,16094,24855
ZN,2026-05-12,ZN2608,21792,14665,12065,24505
CU,2026-08-18,CU2609,141702,125867,123008,107980
CU,2026-08-18,CU2610,105468,118459,124849,107780
CU,2026-08-18,CU2611,34215,39313,44867,107560
CU,2026-08-18,CU2612,20001,43756,53892,107440
CU,2026-08-18,CU2701,8325,23208,28437,107280
CU,2026-08-18,CU2703,1082,14923,17148,107100
CU,2026-08-17,CU2609,134987,135052,133524,108990
CU,2026-08-17,CU2610,94806,125770,129519,108750
CU,2026-08-17,CU2611,31424,36963,42271,108590
CU,2026-08-17,CU2612,18532,42452,52411,108410
CU,2026-08-17,CU2701,6162,22667,27535,108350
CU,2026-08-17,CU2703,1350,14815,17082,108060
CU,2026-08-14,CU2609,105215,134138,130091,107670
CU,2026-08-14,CU2610,57774,117958,122986,107430
CU,2026-08-14,CU2611,13158,33797,40009,107210
CU,2026-08-14,CU2612,7631,41945,51078,107090
CU,2026-08-14,CU2701,3466,22477,27301,106960
CU,2026-08-14,CU2703,1647,14894,17110,106810
CU,2026-08-13,CU2609,121897,135128,133240,107820
CU,2026-08-13,CU2610,77520,119318,122549,107640
CU,2026-08-13,CU2611,18583,32399,39599,107370
CU,2026-08-13,CU2612,10557,41654,50889,107270
CU,2026-08-13,CU2701,6137,22795,27334,107020
CU,2026-08-13,CU2703,3865,14960,17178,106770
CU,2026-08-12,CU2609,88195,137463,136721,108170
CU,2026-08-12,CU2610,52342,121006,122518,108020
CU,2026-08-12,CU2611,8658,31134,38240,107830
CU,2026-08-12,CU2612,6725,41369,50428,107710
CU,2026-08-12,CU2701,1838,22050,26938,107520
CU,2026-08-12,CU2703,2776,14745,16515,107380
CU,2026-08-11,CU2609,118418,138491,138287,107960
CU,2026-08-11,CU2610,66332,116431,117316,107810
CU,2026-08-11,CU2611,11217,30888,37783,107610
CU,2026-08-11,CU2612,9746,40836,49545,107470
CU,2026-08-11,CU2701,4133,21959,26875,107290
CU,2026-08-11,CU2703,1659,14894,16577,107120
CU,2026-08-10,CU2609,130290,138124,138318,107620
CU,2026-08-10,CU2610,66694,111005,109628,107470
CU,2026-08-10,CU2611,14450,30440,37453,107250
CU,2026-08-10,CU2612,10150,40560,49020,107150
CU,2026-08-10,CU2701,6301,21573,26371,106940
CU,2026-08-10,CU2703,1064,14862,16578,106770
CU,2026-08-07,CU2609,150500,142147,141049,108020
CU,2026-08-07,CU2610,68480,107604,105668,107940
CU,2026-08-07,CU2611,16284,30555,37230,107760
CU,2026-08-07,CU2612,13067,40781,48414,107590
CU,2026-08-07,CU2701,4639,21055,25432,107410
CU,2026-08-07,CU2703,1448,14885,16463,107320
CU,2026-08-06,CU2609,134218,137776,137084,107610
CU,2026-08-06,CU2610,68133,102793,99121,107520
CU,2026-08-06,CU2611,13875,31084,38225,107320
CU,2026-08-06,CU2612,11862,40495,47657,107170
CU,2026-08-06,CU2701,3350,20982,25182,107000
CU,2026-08-06,CU2703,1200,14888,16440,106850
CU,2026-08-05,CU2609,131498,139042,139612,107170
CU,2026-08-05,CU2610,70260,96554,96326,107050
CU,2026-08-05,CU2611,18272,30876,38095,106840
CU,2026-08-05,CU2612,13312,39868,46754,106720
CU,2026-08-05,CU2701,4607,20612,24836,106490
CU,2026-08-05,CU2703,3432,14983,16427,106410
CU,2026-08-04,CU2609,101158,134532,135084,106320
CU,2026-08-04,CU2610,46592,94359,94704,106210
CU,2026-08-04,CU2611,11270,29882,37302,106010
CU,2026-08-04,CU2612,8861,39740,45341,105810
CU,2026-08-04,CU2701,3550,20357,24579,105540
CU,2026-08-04,CU2703,1373,15099,16619,105260
CU,2026-08-03,CU2609,107361,133148,133402,105740
CU,2026-08-03,CU2610,47694,89295,90878,105590
CU,2026-08-03,CU2611,11566,28597,36033,105390
CU,2026-08-03,CU2612,10668,39675,45462,105160
CU,2026-08-03,CU2701,3573,20383,24521,104970
CU,2026-08-03,CU2703,2103,15110,16714,105000
CU,2026-07-31,CU2609,112760,131985,131664,105550
CU,2026-07-31,CU2610,42279,85923,89805,105410
CU,2026-07-31,CU2611,11460,28363,35444,105170
CU,2026-07-31,CU2612,8274,38903,45001,104990
CU,2026-07-31,CU2701,2807,20550,24644,104770
CU,2026-07-31,CU2703,2199,14573,16625,104610
CU,2026-07-30,CU2609,115737,129382,128949,104770
CU,2026-07-30,CU2610,44561,82246,88829,104630
CU,2026-07-30,CU2611,11542,28534,35319,104470
CU,2026-07-30,CU2612,10246,38913,45946,104270
CU,2026-07-30,CU2701,4639,20559,24541,104030
CU,2026-07-30,CU2703,1902,14351,16298,103960
CU,2026-07-29,CU2609,82327,130206,130986,104790
CU,2026-07-29,CU2610,31629,74629,82650,104640
CU,2026-07-29,CU2611,5593,27630,33389,104440
CU,2026-07-29,CU2612,4124,38152,45241,104280
CU,2026-07-29,CU2701,4337,20234,24215,104100
CU,2026-07-29,CU2703,907,13948,15808,104050
CU,2026-07-28,CU2609,106261,134598,137299,105050
CU,2026-07-28,CU2610,36524,68293,76574,104860
CU,2026-07-28,CU2611,7670,27421,32824,104620
CU,2026-07-28,CU2612,6791,37936,44947,104550
CU,2026-07-28,CU2701,4329,19523,23283,104200
CU,2026-07-28,CU2703,1964,13827,15622,104160
CU,2026-07-27,CU2609,102770,138481,142848,104950
CU,2026-07-27,CU2610,34715,63636,72861,104800
CU,2026-07-27,CU2611,12767,26736,31979,104640
CU,2026-07-27,CU2612,10148,37667,44756,104470
CU,2026-07-27,CU2701,5000,18658,22174,104250
CU,2026-07-27,CU2703,944,13688,15382,104190
CU,2026-07-24,CU2609,141117,139772,144985,104730
CU,2026-07-24,CU2610,40583,60586,67753,104520
CU,2026-07-24,CU2611,10334,24306,29575,104340
CU,2026-07-24,CU2612,13063,36711,43973,104230
CU,2026-07-24,CU2701,6051,17552,20960,104070
CU,2026-07-24,CU2703,2532,13674,15275,103980
CU,2026-07-23,CU2609,88470,146107,150496,106010
CU,2026-07-23,CU2610,25348,57687,66351,105820
CU,2026-07-23,CU2611,6337,23643,28639,105610
CU,2026-07-23,CU2612,5475,35679,42953,105490
CU,2026-07-23,CU2701,2177,16907,20019,105370
CU,2026-07-23,CU2703,851,13297,14930,105250
CU,2026-07-22,CU2609,153698,149564,152792,106110
CU,2026-07-22,CU2610,48795,55881,65444,105880
CU,2026-07-22,CU2611,13894,24157,28539,105650
CU,2026-07-22,CU2612,17341,35939,43233,105530
CU,2026-07-22,CU2701,3437,16882,19872,105500
CU,2026-07-22,CU2703,1466,13232,14919,105310
CU,2026-07-21,CU2609,140862,142825,145660,104830
CU,2026-07-21,CU2610,35866,54762,63392,104530
CU,2026-07-21,CU2611,12973,24037,28321,104290
CU,2026-07-21,CU2612,16183,37139,43640,104140
CU,2026-07-21,CU2701,4501,16626,19554,104130
CU,2026-07-21,CU2703,3980,13274,14985,104120
CU,2026-07-20,CU2609,106315,127890,132352,103760
CU,2026-07-20,CU2610,30194,50872,59699,103450
CU,2026-07-20,CU2611,10289,23797,28222,103290
CU,2026-07-20,CU2612,13021,36684,44099,103280
CU,2026-07-20,CU2701,3202,16197,19208,103180
CU,2026-07-20,CU2703,852,13739,14939,103260
CU,2026-07-17,CU2609,92003,120563,124549,103720
CU,2026-07-17,CU2610,25204,47540,56528,103520
CU,2026-07-17,CU2611,8488,23319,27187,103390
CU,2026-07-17,CU2612,8908,35385,43918,103260
CU,2026-07-17,CU2701,2575,15645,18284,103320
CU,2026-07-17,CU2703,583,13611,14886,103440
CU,2026-07-16,CU2609,65748,125656,126607,104250
CU,2026-07-16,CU2610,17342,45709,54178,104110
CU,2026-07-16,CU2611,4720,22822,26628,103990
CU,2026-07-16,CU2612,5175,35032,42876,103940
CU,2026-07-16,CU2701,999,15025,17545,103920
CU,2026-07-16,CU2703,888,13589,14933,103910
CU,2026-07-15,CU2609,97203,125145,125805,104610
CU,2026-07-15,CU2610,22751,44852,53275,104460
CU,2026-07-15,CU2611,6169,22415,26392,104340
CU,2026-07-15,CU2612,10607,34763,42598,104270
CU,2026-07-15,CU2701,1495,14819,17294,104260
CU,2026-07-15,CU2703,4276,13404,14792,104230
CU,2026-07-14,CU2609,98270,120620,122507,104090
CU,2026-07-14,CU2610,28519,42883,51063,103980
CU,2026-07-14,CU2611,6830,22167,25958,103880
CU,2026-07-14,CU2612,8648,34527,42110,103850
CU,2026-07-14,CU2701,1853,14840,17338,103820
CU,2026-07-13,CU2609,72580,113445,115666,103280
CU,2026-07-13,CU2610,15682,40561,48953,103170
CU,2026-07-13,CU2611,5462,21862,25663,103180
CU,2026-07-13,CU2612,8247,34185,41834,103050
CU,2026-07-13,CU2701,2446,14841,17290,103000
CU,2026-07-10,CU2609,80605,112385,114126,103850
CU,2026-07-10,CU2610,19124,39590,47733,103770
CU,2026-07-10,CU2611,6406,21672,25484,103760
CU,2026-07-10,CU2612,9085,33430,40996,103660
CU,2026-07-10,CU2701,1866,14527,17059,103610
CU,2026-07-09,CU2609,73047,104122,109151,102350
CU,2026-07-09,CU2610,18236,38460,46993,102270
CU,2026-07-09,CU2611,6121,20933,24942,102220
CU,2026-07-09,CU2612,11962,33653,40724,102130
CU,2026-07-09,CU2701,2812,14455,16957,102100
CU,2026-07-08,CU2609,44144,99984,103575,103020
CU,2026-07-08,CU2610,10265,37303,45718,102960
CU,2026-07-08,CU2611,3703,20382,24595,102870
CU,2026-07-08,CU2612,6068,32343,38709,102900
CU,2026-07-08,CU2701,1310,14087,16534,102860
CU,2026-07-07,CU2609,34539,96391,101089,103000
CU,2026-07-07,CU2610,9565,37421,45493,102940
CU,2026-07-07,CU2611,3637,20167,24332,102870
CU,2026-07-07,CU2612,5531,31223,37918,102820
CU,2026-07-07,CU2701,2091,14105,16591,102790
CU,2026-07-06,CU2609,42696,93630,99381,103120
CU,2026-07-06,CU2610,9571,37363,44987,103080
CU,2026-07-06,CU2611,3185,20141,24332,102980
CU,2026-07-06,CU2612,6538,30810,37714,102990
CU,2026-07-06,CU2701,3394,14079,16536,102890
CU,2026-07-03,CU2609,41654,92059,96655,102840
CU,2026-07-03,CU2610,11455,36637,44453,102810
CU,2026-07-03,CU2611,4767,20118,24303,102720
CU,2026-07-03,CU2612,7604,30047,37167,102710
CU,2026-07-03,CU2701,3471,13910,15899,102810
CU,2026-07-02,CU2609,49633,90830,97301,102280
CU,2026-07-02,CU2610,18849,35838,43711,102230
CU,2026-07-02,CU2611,7273,19811,23706,102200
CU,2026-07-02,CU2612,7911,29986,37101,102180
CU,2026-07-02,CU2701,2498,13453,15763,102200
CU,2026-07-01,CU2609,45507,89110,95721,102430
CU,2026-07-01,CU2610,17308,34582,42075,102290
CU,2026-07-01,CU2611,7173,20390,24255,102310
CU,2026-07-01,CU2612,6784,29695,36794,102230
CU,2026-07-01,CU2701,2769,13240,15615,102000
CU,2026-06-30,CU2609,49968,89037,95443,102580
CU,2026-06-30,CU2610,13709,33740,40455,102480
CU,2026-06-30,CU2611,8855,19705,23394,102340
CU,2026-06-30,CU2612,9539,29461,36486,102600
CU,2026-06-30,CU2701,2791,13080,15204,102740
CU,2026-06-29,CU2609,58365,88406,94368,102650
CU,2026-06-29,CU2610,13171,33713,40024,102670
CU,2026-06-29,CU2611,5560,18193,21353,102680
CU,2026-06-29,CU2612,9511,28110,34941,102670
CU,2026-06-26,CU2609,64367,82772,90536,101790
CU,2026-06-26,CU2610,12280,33172,38861,101720
CU,2026-06-26,CU2611,5550,17788,20922,101650
CU,2026-06-26,CU2612,5559,27247,33657,101710
CU,2026-06-25,CU2609,86200,76066,87261,101300
CU,2026-06-25,CU2610,23276,32266,38080,101310
CU,2026-06-25,CU2611,12181,17411,20381,101260
CU,2026-06-25,CU2612,12894,27250,33615,101220
CU,2026-06-24,CU2609,41165,71247,83411,103250
CU,2026-06-24,CU2610,13134,30033,35916,103200
CU,2026-06-24,CU2611,4572,15962,18052,103230
CU,2026-06-24,CU2612,6755,25939,31996,103120
CU,2026-06-23,CU2609,37466,69583,80630,104250
CU,2026-06-23,CU2610,9338,28377,34341,104280
CU,2026-06-23,CU2611,3755,15325,17270,104140
CU,2026-06-23,CU2612,6037,25430,31273,103960
CU,2026-06-22,CU2609,24296,66168,76556,104820
CU,2026-06-22,CU2610,6441,28028,33314,104750
CU,2026-06-22,CU2611,2505,14907,16652,104750
CU,2026-06-22,CU2612,4752,25108,30877,104760
CU,2026-06-18,CU2609,25513,64456,74835,105070
CU,2026-06-18,CU2610,6842,27503,32614,105000
CU,2026-06-18,CU2611,2860,14493,16361,105040
CU,2026-06-18,CU2612,5325,25041,30978,104950
CU,2026-06-17,CU2609,25418,63809,73747,105380
CU,2026-06-17,CU2610,7574,27058,31749,105350
CU,2026-06-17,CU2611,3575,14441,16096,105350
CU,2026-06-17,CU2612,6542,24510,30459,105320
CU,2026-06-16,CU2609,23758,61324,71949,105030
CU,2026-06-16,CU2610,9344,25853,30533,104950
CU,2026-06-16,CU2611,3350,13945,15818,104850
CU,2026-06-16,CU2612,3723,24253,30733,104830
CU,2026-06-15,CU2609,32211,59896,70872,105390
CU,2026-06-15,CU2610,8284,24599,29021,105260
CU,2026-06-15,CU2611,4006,13662,15516,105030
CU,2026-06-15,CU2612,8392,24358,30978,105090
CU,2026-06-12,CU2609,36119,57892,69317,104310
CU,2026-06-12,CU2610,10441,23816,28100,104280
CU,2026-06-12,CU2611,4302,13871,15973,104370
CU,2026-06-12,CU2612,6689,24853,31089,104470
CU,2026-06-11,CU2609,37572,56706,67481,103430
CU,2026-06-11,CU2610,11289,23448,27564,103450
CU,2026-06-11,CU2611,3236,13490,15549,103470
CU,2026-06-11,CU2612,6877,24457,30684,103240
CU,2026-06-10,CU2609,32793,55053,67019,104470
CU,2026-06-10,CU2610,9450,22207,25588,104400
CU,2026-06-10,CU2611,3830,13244,15439,104280
CU,2026-06-10,CU2612,6965,24330,30048,104400
CU,2026-06-09,CU2609,20522,53630,66260,104430
CU,2026-06-09,CU2610,6771,21669,25202,104420
CU,2026-06-09,CU2611,2641,12886,14982,104370
CU,2026-06-09,CU2612,4723,23829,29529,104390
CU,2026-06-08,CU2609,40794,52579,65761,104070
CU,2026-06-08,CU2610,11761,20681,24540,104060
CU,2026-06-08,CU2611,5756,12578,14673,104010
CU,2026-06-08,CU2612,11351,23741,29311,103990
CU,2026-06-05,CU2609,25447,51967,65849,105830
CU,2026-06-05,CU2610,5267,19508,22753,105730
CU,2026-06-05,CU2612,4325,23247,28977,105680
CU,2026-06-04,CU2609,23474,51297,65866,105720
CU,2026-06-04,CU2610,4290,19442,22670,105640
CU,2026-06-04,CU2612,5404,23038,28846,105590
CU,2026-06-03,CU2609,20606,51379,65935,106900
CU,2026-06-03,CU2610,5255,19039,22285,106800
CU,2026-06-03,CU2612,8411,22765,28417,106810
CU,2026-06-02,CU2609,27981,50441,64523,106040
CU,2026-06-02,CU2610,6912,19140,22271,106070
CU,2026-06-02,CU2612,8681,22551,27879,106000
CU,2026-06-01,CU2609,17302,49681,63368,104730
CU,2026-06-01,CU2610,4510,18622,21641,104750
CU,2026-06-01,CU2612,4923,22309,27048,104680
CU,2026-05-29,CU2609,17219,48751,61978,104930
CU,2026-05-29,CU2610,6089,18411,21178,104880
CU,2026-05-29,CU2612,3849,22258,26818,104800
CU,2026-05-28,CU2609,20491,49050,62095,104090
CU,2026-05-28,CU2610,11220,18406,21301,104110
CU,2026-05-28,CU2612,7386,22032,26837,104000
CU,2026-05-27,CU2609,15302,48108,60667,104980
CU,2026-05-27,CU2610,5312,17407,20746,104910
CU,2026-05-27,CU2612,3953,21881,26683,104920
CU,2026-05-26,CU2609,26006,47282,59149,105260
CU,2026-05-26,CU2610,9815,17558,20470,105030
CU,2026-05-26,CU2612,4870,21836,26332,105180
CU,2026-05-25,CU2609,20963,45575,57573,105420
CU,2026-05-25,CU2610,5560,15812,18658,105340
CU,2026-05-25,CU2612,5367,21596,25892,105370
CU,2026-05-22,CU2609,24119,44750,55939,104610
CU,2026-05-22,CU2610,6266,15010,17972,104490
CU,2026-05-22,CU2612,3237,21590,25456,104380
CU,2026-05-21,CU2609,21987,40797,53104,104740
CU,2026-05-21,CU2610,4686,14889,17545,104630
CU,2026-05-21,CU2612,5396,21838,25771,104650
CU,2026-05-20,CU2609,18274,40337,52431,103620
CU,2026-05-20,CU2610,5840,14945,17894,103580
CU,2026-05-20,CU2612,7350,21581,25447,103520
CU,2026-05-19,CU2609,17952,39949,51630,104450
CU,2026-05-19,CU2610,5494,14673,17772,104440
CU,2026-05-19,CU2612,7119,21428,24978,104370
CU,2026-05-18,CU2609,24707,37692,50797,104080
CU,2026-05-18,CU2610,7256,14333,17167,103920
CU,2026-05-18,CU2612,8769,21209,24524,103920
CU,2026-05-15,CU2609,28078,36820,49713,105830
CU,2026-05-15,CU2610,8841,14174,17290,105800
CU,2026-05-15,CU2612,8740,21286,24689,105780
CU,2026-05-14,CU2609,23793,36542,48215,107630
CU,2026-05-14,CU2610,9332,13448,16049,107560
CU,2026-05-14,CU2612,10735,21456,25028,107630
CU,2026-05-13,CU2609,27911,36509,48697,108050
CU,2026-05-13,CU2610,7536,13900,16727,108010
CU,2026-05-13,CU2612,6122,21317,25041,107850
CU,2026-05-12,CU2609,20288,35732,47259,106640
CU,2026-05-12,CU2610,9709,14090,16756,106480
CU,2026-05-12,CU2612,6714,21454,25137,106610
CU,2026-05-11,CU2609,17417,35060,46772,104360
CU,2026-05-11,CU2610,7106,14196,16649,104320
CU,2026-05-11,CU2612,6212,21173,25009,104330
CU,2026-05-08,CU2609,16008,33978,45466,103720
CU,2026-05-08,CU2610,4971,13540,15821,103630
CU,2026-05-08,CU2612,9528,20580,24511,103570
CU,2026-05-07,CU2609,10462,32968,43963,102910
CU,2026-05-07,CU2610,3635,12840,15149,102760
CU,2026-05-07,CU2612,5109,19859,23444,102730
CU,2026-05-06,CU2609,6584,32466,42923,102250
CU,2026-05-06,CU2610,1889,12776,14882,102080
CU,2026-05-06,CU2612,2582,18976,22664,102030
CU,2026-04-30,CU2609,13185,32387,42729,100820
CU,2026-04-30,CU2610,3390,12525,14580,100760
CU,2026-04-30,CU2612,2322,18466,22491,100630
CU,2026-04-29,CU2609,13811,32211,42563,101020
CU,2026-04-29,CU2610,2417,12274,14432,101030
CU,2026-04-29,CU2612,2474,18408,22509,100750
CU,2026-04-28,CU2609,8539,31164,40788,102030
CU,2026-04-28,CU2612,2666,18157,22391,101720
CU,2026-04-27,CU2609,9180,30699,39958,102780
CU,2026-04-27,CU2612,2216,17556,21943,102380
CU,2026-04-24,CU2609,10100,29585,38485,102620
CU,2026-04-24,CU2612,4377,17647,21992,102220
CU,2026-04-23,CU2609,13934,29682,38123,102920
CU,2026-04-23,CU2612,7162,17564,21910,102560
CU,2026-04-22,CU2609,8014,29216,37328,102290
CU,2026-04-22,CU2612,2850,17247,21238,102020
CU,2026-04-21,CU2609,10230,29125,37002,102110
CU,2026-04-21,CU2612,2602,16928,21065,101800
CU,2026-04-20,CU2609,12612,28910,36295,102520
CU,2026-04-20,CU2612,3175,16776,21053,102180
CU,2026-04-17,CU2609,11617,28985,35878,101930
CU,2026-04-17,CU2612,4552,16759,20954,101630
CU,2026-04-16,CU2609,7935,27451,33993,102090
CU,2026-04-16,CU2612,3584,16117,20390,101790
CU,2026-04-15,CU2609,13907,27175,33388,102080
CU,2026-04-15,CU2612,7495,16109,20580,101720
CU,2026-04-14,CU2609,14184,26596,33103,100580
CU,2026-04-14,CU2612,5611,15999,20249,100620
CU,2026-04-13,CU2609,11372,26239,32192,99040
CU,2026-04-13,CU2612,4508,15770,19882,98860
CU,2026-04-10,CU2609,5928,25463,31252,98160
CU,2026-04-10,CU2612,3573,15113,19269,98070
CU,2026-04-09,CU2609,5796,25070,30693,97800
CU,2026-04-09,CU2612,2386,14819,18834,97650
CU,2026-04-08,CU2609,7788,25072,30831,96960
CU,2026-04-08,CU2612,3468,14649,18814,97360
CU,2026-04-07,CU2609,4460,24329,29878,96580
CU,2026-04-07,CU2612,1705,14532,18605,96430
CU,2026-04-03,CU2609,6385,23954,29668,96190
CU,2026-04-03,CU2612,3080,14728,18820,96080
CU,2026-04-02,CU2609,10154,23861,29483,96120
CU,2026-04-02,CU2612,3515,14558,18548,95980
CU,2026-04-01,CU2609,7740,23132,28401,96580
CU,2026-04-01,CU2612,1739,13947,17833,96530
CU,2026-03-31,CU2609,5965,22609,28107,95460
CU,2026-03-31,CU2612,2850,13962,17814,95330
CU,2026-03-30,CU2609,7983,23242,28750,95370
CU,2026-03-30,CU2612,5155,13759,17600,95190
CU,2026-03-27,CU2609,8147,22682,28077,95630
CU,2026-03-27,CU2612,2851,13374,16821,95530
CU,2026-03-26,CU2609,6142,22388,26902,95590
CU,2026-03-26,CU2612,2944,13089,16451,95350
CU,2026-03-25,CU2609,8617,22413,26879,95080
CU,2026-03-25,CU2612,2674,12795,15991,95060
CU,2026-03-24,CU2609,13229,21910,26373,94330
CU,2026-03-24,CU2612,4523,12701,15905,94140
CU,2026-03-23,CU2609,18668,22285,27005,92810
CU,2026-03-23,CU2612,5812,12524,15724,92520
CU,2026-03-20,CU2609,16108,21866,26658,93980
CU,2026-03-20,CU2612,6373,12479,15772,94190
CU,2026-03-19,CU2609,23504,21860,27410,95980
CU,2026-03-19,CU2612,7071,12276,15673,95760
CU,2026-03-18,CU2609,7681,21564,27769,99040
CU,2026-03-18,CU2612,1878,11438,15320,99080
CU,2026-03-17,CU2609,5803,21157,27668,100300
CU,2026-03-17,CU2612,1505,11375,15221,100200
CU,2026-03-16,CU2609,9907,21068,27634,99970
CU,2026-03-16,CU2612,4712,11428,15221,99960
CU,2026-03-13,CU2609,4673,20646,27593,100870
CU,2026-03-13,CU2612,2286,11050,14686,100860
CU,2026-03-12,CU2609,7346,20765,28006,101120
CU,2026-03-11,CU2609,4371,19956,27171,101900
CU,2026-03-10,CU2609,6656,19675,27124,101360
CU,2026-03-09,CU2609,11765,19563,27339,100030
CU,2026-03-06,CU2609,8335,19005,26653,100960
CU,2026-03-05,CU2609,6762,18664,26129,101710
CU,2026-03-04,CU2609,7937,18559,25760,101470
CU,2026-03-03,CU2609,10444,18504,25802,103010
CU,2026-03-02,CU2609,8813,17820,24642,104120
CU,2026-02-27,CU2609,8709,17805,24327,103270
CU,2026-02-26,CU2609,4317,17175,23074,103330
CU,2026-02-25,CU2609,10672,17348,23221,102810
CU,2026-02-24,CU2609,3764,16012,21135,102250
CU,2026-02-13,CU2609,8254,15914,21122,101250
CU,2026-02-12,CU2609,4804,15761,20617,103230
CU,2026-02-11,CU2609,3488,15931,21012,102380
CU,2026-02-10,CU2609,3330,15946,21083,102270
CU,2026-02-09,CU2609,5136,15936,21096,101830
CU,2026-02-06,CU2609,12126,15702,21100,99920
CU,2026-02-05,CU2609,13052,15914,21291,102700
CU,2026-02-04,CU2609,8319,15832,21240,105300
CU,2026-02-03,CU2609,16849,15717,21180,101800
CU,2026-02-02,CU2609,20588,16117,22025,101590
CU,2026-01-30,CU2609,36926,16106,22780,108580
CU,2026-01-29,CU2609,15772,15507,21466,107660
CU,2026-01-28,CU2609,8329,15266,20714,102750
CU,2026-01-27,CU2609,10829,15018,20729,103530
CU,2026-01-26,CU2609,10350,15257,20757,103360
CU,2026-01-23,CU2609,7114,15371,21080,101130
CU,2026-01-22,CU2609,3956,14980,20408,100920
CU,2026-01-21,CU2609,7667,15155,20695,100470
CU,2026-01-20,CU2609,4330,14284,19947,101170
CU,2026-01-19,CU2609,6244,14356,19984,100620
CU,2026-01-16,CU2609,10975,14508,20003,101670
CU,2026-01-15,CU2609,8640,14494,19871,102970
CU,2026-01-14,CU2609,10922,14155,19131,103890
CU,2026-01-13,CU2609,10761,14440,19665,102890
CU,2026-01-12,CU2609,9559,14382,19579,102620
CU,2026-01-09,CU2609,16533,13820,18803,99900
CU,2026-01-08,CU2609,19296,13855,18951,101110
CU,2026-01-07,CU2609,8204,12627,17045,103910
CU,2026-01-06,CU2609,7657,12411,16866,102890
CU,2026-01-05,CU2609,4804,12046,16526,99940
CU,2025-12-31,CU2609,9511,12200,16654,98160
CU,2025-12-30,CU2609,17188,11928,16362,97230
CU,2025-12-29,CU2609,14426,11692,15506,100390
CU,2025-12-26,CU2609,9327,11343,14837,98250
CU,2025-12-25,CU2609,5157,11592,14654,95170
CU,2025-12-24,CU2609,5386,11573,14577,94880
AL,2026-08-18,AL2609,162910,122287,119643,23915
AL,2026-08-18,AL2610,194330,185421,188695,23930
AL,2026-08-18,AL2611,42570,59283,65572,23915
AL,2026-08-18,AL2612,18150,43981,49725,23890
AL,2026-08-18,AL2701,12988,28333,27073,23855
AL,2026-08-17,AL2609,209428,135360,132598,23980
AL,2026-08-17,AL2610,213253,179271,180963,23990
AL,2026-08-17,AL2611,50758,58044,63879,23960
AL,2026-08-17,AL2612,12360,42555,48120,23925
AL,2026-08-17,AL2701,16536,26970,26386,23895
AL,2026-08-14,AL2609,241645,148344,144289,23945
AL,2026-08-14,AL2610,187784,169064,170178,23945
AL,2026-08-14,AL2611,47765,54126,58617,23910
AL,2026-08-14,AL2612,14059,42500,48741,23875
AL,2026-08-14,AL2701,17691,25321,25746,23840
AL,2026-08-13,AL2609,244160,155821,156034,24160
AL,2026-08-13,AL2610,160205,166808,165714,24160
AL,2026-08-13,AL2611,41142,49139,53478,24120
AL,2026-08-13,AL2612,16643,41479,47666,24110
AL,2026-08-13,AL2701,13577,22657,22462,24035
AL,2026-08-12,AL2609,257522,163066,160335,24345
AL,2026-08-12,AL2610,163050,163802,158407,24360
AL,2026-08-12,AL2611,36787,47620,52953,24345
AL,2026-08-12,AL2612,17346,40220,45875,24295
AL,2026-08-12,AL2701,14262,21420,21788,24250
AL,2026-08-11,AL2609,201886,159962,158430,24180
AL,2026-08-11,AL2610,130462,156970,150804,24200
AL,2026-08-11,AL2611,34962,45479,50725,24180
AL,2026-08-11,AL2612,14862,40258,45731,24165
AL,2026-08-11,AL2701,7284,20990,21226,24130
AL,2026-08-10,AL2609,206507,161228,157242,24035
AL,2026-08-10,AL2610,115017,148709,145967,24050
AL,2026-08-10,AL2611,27744,43916,48092,24035
AL,2026-08-10,AL2612,9024,39484,44631,24015
AL,2026-08-10,AL2701,7797,20251,20079,24000
AL,2026-08-07,AL2609,230030,159807,160522,23980
AL,2026-08-07,AL2610,139841,141094,139247,23980
AL,2026-08-07,AL2611,37719,43168,47346,23970
AL,2026-08-07,AL2612,18083,40041,44811,23950
AL,2026-08-07,AL2701,8401,19416,18933,23930
AL,2026-08-06,AL2609,220885,159667,155490,23835
AL,2026-08-06,AL2610,104908,131089,130636,23840
AL,2026-08-06,AL2611,27584,42844,47885,23805
AL,2026-08-06,AL2612,10587,39388,44677,23775
AL,2026-08-06,AL2701,5731,18638,18158,23765
AL,2026-08-05,AL2609,168986,162345,155560,23765
AL,2026-08-05,AL2610,82585,125113,124686,23765
AL,2026-08-05,AL2611,19104,41989,46614,23740
AL,2026-08-05,AL2612,8521,39240,44377,23715
AL,2026-08-05,AL2701,3822,17461,17212,23690
AL,2026-08-04,AL2609,222925,164509,155498,23725
AL,2026-08-04,AL2610,130268,121034,119017,23750
AL,2026-08-04,AL2611,29920,41513,45844,23710
AL,2026-08-04,AL2612,15324,39095,44310,23680
AL,2026-08-04,AL2701,6616,17344,17018,23680
AL,2026-08-03,AL2609,253906,161685,157009,23585
AL,2026-08-03,AL2610,129724,117608,113156,23575
AL,2026-08-03,AL2611,36548,42182,46641,23520
AL,2026-08-03,AL2612,13064,39327,45041,23470
AL,2026-08-03,AL2701,7221,16950,16223,23455
AL,2026-07-31,AL2609,215389,167515,159937,23665
AL,2026-07-31,AL2610,97699,115234,111786,23650
AL,2026-07-31,AL2611,22388,42398,46943,23590
AL,2026-07-31,AL2612,9056,38600,44558,23540
AL,2026-07-31,AL2701,5917,16818,16044,23500
AL,2026-07-30,AL2609,313734,170250,161810,23585
AL,2026-07-30,AL2610,131779,109217,106814,23565
AL,2026-07-30,AL2611,28359,41536,45953,23505
AL,2026-07-30,AL2612,15651,37982,44230,23490
AL,2026-07-30,AL2701,7573,16795,15252,23440
AL,2026-07-29,AL2609,399131,175239,162646,23385
AL,2026-07-29,AL2610,131179,98652,99289,23350
AL,2026-07-29,AL2611,35624,40811,44391,23305
AL,2026-07-29,AL2612,27796,38910,44528,23285
AL,2026-07-29,AL2701,14450,15957,14839,23265
AL,2026-07-28,AL2609,302465,171659,168751,23215
AL,2026-07-28,AL2610,74798,89976,89767,23200
AL,2026-07-28,AL2611,28680,39262,40666,23180
AL,2026-07-28,AL2612,15096,38876,42268,23165
AL,2026-07-28,AL2701,6368,15202,14301,23195
AL,2026-07-27,AL2609,208871,170805,169572,23175
AL,2026-07-27,AL2610,44062,84044,83378,23185
AL,2026-07-27,AL2611,13802,35896,37686,23180
AL,2026-07-27,AL2612,10369,36020,39340,23165
AL,2026-07-27,AL2701,3710,14796,14098,23175
AL,2026-07-24,AL2609,249404,171211,170006,23220
AL,2026-07-24,AL2610,54259,81215,81544,23225
AL,2026-07-24,AL2611,14659,34486,36649,23210
AL,2026-07-24,AL2612,9202,35335,38731,23230
AL,2026-07-24,AL2701,3383,14430,14007,23245
AL,2026-07-23,AL2609,227490,177440,171912,23285
AL,2026-07-23,AL2610,55026,77792,80439,23295
AL,2026-07-23,AL2611,19244,32176,33609,23295
AL,2026-07-23,AL2612,21035,34393,37880,23300
AL,2026-07-23,AL2701,5796,14358,13662,23295
AL,2026-07-22,AL2609,214740,179510,175753,23180
AL,2026-07-22,AL2610,42067,76317,77314,23175
AL,2026-07-22,AL2611,11989,29368,30842,23175
AL,2026-07-22,AL2612,17265,31000,34297,23180
AL,2026-07-22,AL2701,3171,14104,13319,23190
AL,2026-07-21,AL2609,313878,182436,178271,23055
AL,2026-07-21,AL2610,74067,74351,76235,23045
AL,2026-07-21,AL2611,21019,28117,29114,23045
AL,2026-07-21,AL2612,17961,28860,31861,23045
AL,2026-07-21,AL2701,11189,13918,13450,23045
AL,2026-07-20,AL2609,367878,183522,181215,23210
AL,2026-07-20,AL2610,79995,69880,71600,23205
AL,2026-07-20,AL2611,18022,26738,27728,23190
AL,2026-07-20,AL2612,14676,27184,30415,23175
AL,2026-07-20,AL2701,9884,13628,13953,23125
AL,2026-07-17,AL2609,155141,174432,171808,23230
AL,2026-07-17,AL2610,41289,66229,69891,23225
AL,2026-07-17,AL2611,10336,25685,26398,23215
AL,2026-07-17,AL2612,8284,25708,28877,23220
AL,2026-07-17,AL2701,4891,12921,13526,23205
AL,2026-07-16,AL2609,139882,171895,171931,23175
AL,2026-07-16,AL2610,51356,63785,66806,23200
AL,2026-07-16,AL2611,14297,24688,25813,23205
AL,2026-07-16,AL2612,6952,25084,28618,23190
AL,2026-07-15,AL2609,134070,164279,166663,23250
AL,2026-07-15,AL2610,46672,61170,63741,23255
AL,2026-07-15,AL2611,7941,24610,25707,23265
AL,2026-07-15,AL2612,6774,24432,27687,23250
AL,2026-07-14,AL2609,209552,160701,161200,23240
AL,2026-07-14,AL2610,62868,59757,61593,23270
AL,2026-07-14,AL2611,11029,24276,25369,23290
AL,2026-07-14,AL2612,6469,23828,26345,23300
AL,2026-07-13,AL2609,124595,156669,160659,23030
AL,2026-07-13,AL2610,39892,58541,60935,23050
AL,2026-07-13,AL2611,8848,23577,25263,23075
AL,2026-07-13,AL2612,4849,23895,26530,23105
AL,2026-07-10,AL2609,116106,154326,160509,23135
AL,2026-07-10,AL2610,30230,55507,59462,23165
AL,2026-07-10,AL2611,5400,23921,25311,23185
AL,2026-07-10,AL2612,3111,23905,26802,23195
AL,2026-07-09,AL2609,129766,154813,159249,23025
AL,2026-07-09,AL2610,39248,54424,58391,23050
AL,2026-07-09,AL2611,8406,23850,25285,23090
AL,2026-07-09,AL2612,6416,23938,26778,23095
AL,2026-07-08,AL2609,109658,150795,158662,23110
AL,2026-07-08,AL2610,37729,54036,57800,23135
AL,2026-07-08,AL2611,6211,23561,25130,23160
AL,2026-07-08,AL2612,5036,23576,26735,23170
AL,2026-07-07,AL2609,124799,150507,159936,22965
AL,2026-07-07,AL2610,39698,54252,56932,22985
AL,2026-07-07,AL2611,5304,23228,25026,23010
AL,2026-07-07,AL2612,5919,23773,26993,22990
AL,2026-07-06,AL2609,139944,152711,166481,22860
AL,2026-07-06,AL2610,45712,53662,56129,22890
AL,2026-07-06,AL2611,7634,23234,25068,22910
AL,2026-07-06,AL2612,6001,24137,27064,22935
AL,2026-07-03,AL2609,189219,149077,162370,22705
AL,2026-07-03,AL2610,59910,54051,55755,22720
AL,2026-07-03,AL2611,10312,23296,24980,22765
AL,2026-07-03,AL2612,6764,24347,27214,22755
AL,2026-07-02,AL2609,149120,147614,159477,22520
AL,2026-07-02,AL2610,53710,55034,55850,22545
AL,2026-07-02,AL2611,10481,23002,25294,22570
AL,2026-07-02,AL2612,5104,23741,26955,22595
AL,2026-07-01,AL2609,184677,140265,154283,22500
AL,2026-07-01,AL2610,55359,54220,54598,22540
AL,2026-07-01,AL2611,23578,22898,24913,22520
AL,2026-07-01,AL2612,11629,23865,27028,22570
AL,2026-06-30,AL2609,259766,136568,150653,22600
AL,2026-06-30,AL2610,76858,53681,53916,22640
AL,2026-06-30,AL2611,15749,19012,21362,22645
AL,2026-06-30,AL2612,15721,22927,25972,22680
AL,2026-06-29,AL2609,144820,122966,139131,23055
AL,2026-06-29,AL2610,44897,49312,48607,23085
AL,2026-06-29,AL2611,19705,18197,20455,23085
AL,2026-06-29,AL2612,7154,23104,24620,23095
AL,2026-06-26,AL2609,154256,115686,131106,22950
AL,2026-06-26,AL2610,40521,44622,45032,22975
AL,2026-06-26,AL2611,13153,17582,19475,23000
AL,2026-06-26,AL2612,10810,22617,24450,23020
AL,2026-06-25,AL2609,206385,111209,128045,22995
AL,2026-06-25,AL2610,73288,45446,45693,23025
AL,2026-06-25,AL2611,28317,17503,19048,23065
AL,2026-06-25,AL2612,22749,22100,23611,23090
AL,2026-06-24,AL2609,104182,99771,112594,23510
AL,2026-06-24,AL2610,38402,43862,43845,23540
AL,2026-06-24,AL2611,13538,15207,16426,23560
AL,2026-06-24,AL2612,16827,18741,20425,23585
AL,2026-06-23,AL2609,115660,96388,108047,23805
AL,2026-06-23,AL2610,47847,43442,42837,23850
AL,2026-06-23,AL2611,16351,14387,15486,23895
AL,2026-06-23,AL2612,11240,16450,17795,23865
AL,2026-06-22,AL2609,42206,88898,98378,24120
AL,2026-06-22,AL2610,11369,39166,39237,24145
AL,2026-06-22,AL2611,2719,13400,14162,24150
AL,2026-06-22,AL2612,4778,14652,16479,24175
AL,2026-06-18,AL2609,55876,88159,98854,23990
AL,2026-06-18,AL2610,31296,39627,39319,24015
AL,2026-06-18,AL2611,2097,13352,13985,24045
AL,2026-06-18,AL2612,2243,13999,16050,24040
AL,2026-06-17,AL2609,56016,85236,97910,23995
AL,2026-06-17,AL2610,22783,38675,39312,24020
AL,2026-06-17,AL2611,1429,13286,13836,24040
AL,2026-06-17,AL2612,2291,13777,15859,24045
AL,2026-06-16,AL2609,114102,85555,96594,23945
AL,2026-06-16,AL2610,54376,38669,39210,23970
AL,2026-06-16,AL2611,4772,13266,13738,24000
AL,2026-06-16,AL2612,4043,13416,15554,23990
AL,2026-06-15,AL2609,55903,85550,92489,24335
AL,2026-06-15,AL2610,14405,36107,39168,24355
AL,2026-06-15,AL2611,1737,12885,13305,24370
AL,2026-06-15,AL2612,2672,13154,15075,24375
AL,2026-06-12,AL2609,61188,84247,90579,24280
AL,2026-06-12,AL2610,13648,34876,37939,24290
AL,2026-06-12,AL2611,4339,12903,13329,24310
AL,2026-06-12,AL2612,2943,13411,15432,24305
AL,2026-06-11,AL2609,61574,83580,90241,24125
AL,2026-06-11,AL2610,12519,33556,36800,24155
AL,2026-06-11,AL2611,3953,12816,13056,24190
AL,2026-06-11,AL2612,3545,13258,15167,24175
AL,2026-06-10,AL2609,82478,82999,90027,24055
AL,2026-06-10,AL2610,18107,33077,36533,24100
AL,2026-06-10,AL2612,3892,12722,14538,24125
AL,2026-06-09,AL2609,47032,78532,87156,24175
AL,2026-06-09,AL2610,6171,31485,35827,24210
AL,2026-06-09,AL2612,3053,11770,13997,24210
AL,2026-06-08,AL2609,85068,78030,85541,24210
AL,2026-06-08,AL2610,17303,31330,36012,24245
AL,2026-06-05,AL2609,49463,73275,82921,24420
AL,2026-06-05,AL2610,12905,31345,35350,24440
AL,2026-06-04,AL2609,50344,72180,82450,24495
AL,2026-06-04,AL2610,10896,30515,34743,24515
AL,2026-06-03,AL2609,57444,72562,81796,24775
AL,2026-06-03,AL2610,16570,30538,35321,24815
AL,2026-06-02,AL2609,78575,72515,79866,24675
AL,2026-06-02,AL2610,20963,30005,34368,24715
AL,2026-06-01,AL2609,39202,71020,79939,24425
AL,2026-06-01,AL2610,5194,29905,34258,24455
AL,2026-05-29,AL2609,48516,70691,80277,24445
AL,2026-05-29,AL2610,6243,29935,34193,24475
AL,2026-05-28,AL2609,61935,68014,77042,24400
AL,2026-05-28,AL2610,11991,30624,34438,24425
AL,2026-05-27,AL2609,45195,63692,71760,24685
AL,2026-05-27,AL2610,6843,29542,33883,24700
AL,2026-05-26,AL2609,71919,60748,69462,24515
AL,2026-05-26,AL2610,13724,29320,33690,24535
AL,2026-05-25,AL2609,36370,55786,64791,24510
AL,2026-05-25,AL2610,7731,28844,33077,24545
AL,2026-05-22,AL2609,20060,53356,62856,24585
AL,2026-05-22,AL2610,9240,28104,32558,24615
AL,2026-05-21,AL2609,31764,53073,63171,24620
AL,2026-05-21,AL2610,16536,27232,31746,24625
AL,2026-05-20,AL2609,27454,53842,64016,24550
AL,2026-05-20,AL2610,6325,26329,30882,24550
AL,2026-05-19,AL2609,32243,53181,63265,24520
AL,2026-05-19,AL2610,10387,26283,30364,24525
AL,2026-05-18,AL2609,36903,49805,61720,24330
AL,2026-05-18,AL2610,8759,25416,29546,24310
AL,2026-05-15,AL2609,40941,49597,61847,24630
AL,2026-05-15,AL2610,9205,26168,30529,24595
AL,2026-05-14,AL2609,45454,50181,61957,24960
AL,2026-05-14,AL2610,17712,26291,30276,24960
AL,2026-05-13,AL2609,50261,47817,58828,24825
AL,2026-05-13,AL2610,17922,24164,26966,24785
AL,2026-05-12,AL2609,27348,41263,50235,24750
AL,2026-05-12,AL2610,6712,20255,22629,24710
AL,2026-05-11,AL2609,32465,39564,47844,24645
AL,2026-05-11,AL2610,15917,19648,21667,24640
AL,2026-05-08,AL2609,24969,38551,44181,24540
AL,2026-05-08,AL2610,5884,16409,17774,24540
AL,2026-05-07,AL2609,30773,36998,41554,24490
AL,2026-05-07,AL2610,9305,15848,17242,24440
AL,2026-05-06,AL2609,17512,33816,38182,24735
AL,2026-05-06,AL2610,8347,15798,17252,24735
AL,2026-04-30,AL2609,16267,31874,36484,24535
AL,2026-04-30,AL2610,4274,14063,15284,24515
AL,2026-04-29,AL2609,23769,30958,35145,24705
AL,2026-04-29,AL2610,10187,14158,15282,24700
AL,2026-04-28,AL2609,28483,28087,30898,24765
AL,2026-04-27,AL2609,20656,24581,27202,25055
AL,2026-04-24,AL2609,12363,22907,27012,25015
AL,2026-04-23,AL2609,7972,21029,24844,25115
AL,2026-04-22,AL2609,9150,20746,24475,25060
AL,2026-04-21,AL2609,16136,20459,23605,25060
AL,2026-04-20,AL2609,19838,20385,23187,25215
AL,2026-04-17,AL2609,15384,20443,22768,25470
AL,2026-04-16,AL2609,32482,19538,21090,25360
AL,2026-04-15,AL2609,7480,16820,19137,24940
AL,2026-04-14,AL2609,13212,16928,19053,24985
AL,2026-04-13,AL2609,10106,16358,18445,24775
AL,2026-04-10,AL2609,4852,15826,17709,24710
AL,2026-04-09,AL2609,7675,15624,17689,24650
AL,2026-04-08,AL2609,9477,15860,18178,24745
AL,2026-04-07,AL2609,6161,15722,17940,24700
AL,2026-04-03,AL2609,5966,15169,16952,24760
AL,2026-04-02,AL2609,10266,15097,16305,24900
AL,2026-04-01,AL2609,8944,13871,15318,24925
AL,2026-03-31,AL2609,11729,13087,14533,24855
AL,2026-03-30,AL2609,12752,12326,13262,24750
ZN,2026-08-18,ZN2609,132867,56138,52518,25640
ZN,2026-08-18,ZN2610,225443,116165,98175,25700
ZN,2026-08-18,ZN2611,36150,29573,22719,25720
ZN,2026-08-17,ZN2609,172545,64723,62406,25840
ZN,2026-08-17,ZN2610,181107,111760,92321,25895
ZN,2026-08-17,ZN2611,36368,29005,23210,25920
ZN,2026-08-14,ZN2609,136394,67809,66502,25635
ZN,2026-08-14,ZN2610,117019,105293,82492,25685
ZN,2026-08-14,ZN2611,40936,25691,21145,25705
ZN,2026-08-13,ZN2609,174965,72449,69934,25705
ZN,2026-08-13,ZN2610,128619,102546,78528,25750
ZN,2026-08-13,ZN2611,27359,22702,18929,25745
ZN,2026-08-12,ZN2609,131241,76731,74961,25680
ZN,2026-08-12,ZN2610,84167,94651,71944,25730
ZN,2026-08-12,ZN2611,25143,22398,19005,25715
ZN,2026-08-11,ZN2609,179911,78696,75795,25610
ZN,2026-08-11,ZN2610,109385,91843,69264,25670
ZN,2026-08-11,ZN2611,28365,21899,18106,25675
ZN,2026-08-10,ZN2609,226042,81958,79108,25560
ZN,2026-08-10,ZN2610,129321,90988,67945,25600
ZN,2026-08-10,ZN2611,28549,21509,17340,25610
ZN,2026-08-07,ZN2609,236603,88642,85638,25905
ZN,2026-08-07,ZN2610,122034,90546,66483,25950
ZN,2026-08-07,ZN2611,28723,21742,17350,25950
ZN,2026-08-06,ZN2609,237969,84151,81977,25605
ZN,2026-08-06,ZN2610,125069,83402,62457,25655
ZN,2026-08-06,ZN2611,33979,19412,15824,25665
ZN,2026-08-05,ZN2609,215038,81462,78176,25240
ZN,2026-08-05,ZN2610,106425,78101,59705,25305
ZN,2026-08-05,ZN2611,23743,17242,14288,25315
ZN,2026-08-04,ZN2609,266540,83589,77710,24955
ZN,2026-08-04,ZN2610,129764,69596,54146,25015
ZN,2026-08-04,ZN2611,26227,15646,13186,25035
ZN,2026-08-03,ZN2609,245295,86708,82352,25125
ZN,2026-08-03,ZN2610,99107,66411,50699,25190
ZN,2026-08-03,ZN2611,20234,15365,13446,25200
ZN,2026-07-31,ZN2609,187762,78550,73141,24905
ZN,2026-07-31,ZN2610,81088,57155,45454,24960
ZN,2026-07-30,ZN2609,150133,77846,69577,24720
ZN,2026-07-30,ZN2610,55163,50504,40907,24770
ZN,2026-07-29,ZN2609,168719,79087,69839,24705
ZN,2026-07-29,ZN2610,67795,44492,36618,24760
ZN,2026-07-28,ZN2609,150683,85685,73907,24785
ZN,2026-07-28,ZN2610,39502,36114,29802,24815
ZN,2026-07-27,ZN2609,150790,85673,73434,24855
ZN,2026-07-27,ZN2610,34205,31463,26236,24885
ZN,2026-07-24,ZN2609,142511,84231,71065,24770
ZN,2026-07-24,ZN2610,30170,27521,23744,24785
ZN,2026-07-23,ZN2609,191005,87960,71213,24815
ZN,2026-07-23,ZN2610,38828,26444,23177,24845
ZN,2026-07-22,ZN2609,142280,76976,65474,24525
ZN,2026-07-22,ZN2610,22830,23320,20163,24555
ZN,2026-07-21,ZN2609,159587,75128,65507,24400
ZN,2026-07-21,ZN2610,25104,22525,19831,24420
ZN,2026-07-20,ZN2609,207298,76917,67109,24390
ZN,2026-07-20,ZN2610,36829,21386,18304,24405
ZN,2026-07-17,ZN2609,129297,76254,65187,24610
ZN,2026-07-17,ZN2610,26577,22350,17862,24625
ZN,2026-07-16,ZN2609,110715,73765,62557,24665
ZN,2026-07-16,ZN2610,22924,20995,16930,24705
ZN,2026-07-15,ZN2609,83438,74442,61232,24890
ZN,2026-07-15,ZN2610,18735,20366,16085,24920
ZN,2026-07-14,ZN2609,91239,69943,56996,24760
ZN,2026-07-14,ZN2610,15871,18702,14823,24795
ZN,2026-07-13,ZN2609,76910,67854,54573,24840
ZN,2026-07-13,ZN2610,13280,18273,14469,24860
ZN,2026-07-10,ZN2609,84746,67753,53287,24965
ZN,2026-07-10,ZN2610,19548,17457,13868,24995
ZN,2026-07-09,ZN2609,77392,63892,50826,24660
ZN,2026-07-09,ZN2610,15966,14217,12020,24675
ZN,2026-07-08,ZN2609,56526,63908,50663,24750
ZN,2026-07-07,ZN2609,90874,62157,49072,24760
ZN,2026-07-06,ZN2609,79467,55988,44841,24515
ZN,2026-07-03,ZN2609,79811,50644,44197,24300
ZN,2026-07-02,ZN2609,77869,50055,43783,24355
ZN,2026-07-01,ZN2609,85584,51228,42557,24540
ZN,2026-06-30,ZN2609,70404,49805,42738,24295
ZN,2026-06-29,ZN2609,88533,45229,38835,24335
ZN,2026-06-26,ZN2609,74178,40615,34903,23935
ZN,2026-06-25,ZN2609,67087,37966,31865,24055
ZN,2026-06-24,ZN2609,55175,35728,30536,24425
ZN,2026-06-23,ZN2609,42868,31439,26767,24800
ZN,2026-06-22,ZN2609,21057,29362,25984,24770
ZN,2026-06-18,ZN2609,24132,28328,24335,24895
ZN,2026-06-17,ZN2609,21556,25916,22814,24760
ZN,2026-06-16,ZN2609,25372,24288,21411,24865
ZN,2026-06-15,ZN2609,30477,21192,19749,24785
ZN,2026-06-12,ZN2609,23091,20632,19448,24360
ZN,2026-06-11,ZN2609,36443,20156,19300,24385
ZN,2026-06-10,ZN2609,18996,19000,17530,24875
ZN,2026-06-09,ZN2609,12679,17995,16656,24805
ZN,2026-06-08,ZN2609,20853,18166,17117,24795
ZN,2026-06-05,ZN2609,13181,17075,16492,24955
ZN,2026-06-04,ZN2609,18418,16755,16356,25080
ZN,2026-06-03,ZN2609,22539,16847,16557,25305
ZN,2026-06-02,ZN2609,16653,15011,14863,24985
ZN,2026-06-01,ZN2609,13673,14596,14481,24835
ZN,2026-05-29,ZN2609,12349,14517,14204,25000
ZN,2026-05-28,ZN2609,10914,13529,13732,24805
