date,contract,total_oi
2026-05-25,CU2606,99058
2026-05-25,CU2607,181754
2026-05-25,CU2608,88687
2026-05-25,CU2609,67554
2026-05-25,CU2610,20657
2026-05-25,CU2611,13288
2026-05-25,CU2612,27883
2026-05-25,CU2701,12052
2026-05-25,CU2702,4315
2026-05-25,CU2703,7760
2026-05-25,CU2704,5774
2026-05-25,CU2705,458
2026-05-26,CU2606,84385
2026-05-26,CU2607,181888
2026-05-26,CU2608,91765
2026-05-26,CU2609,69926
2026-05-26,CU2610,22383
2026-05-26,CU2611,13545
2026-05-26,CU2612,28401
2026-05-26,CU2701,12382
2026-05-26,CU2702,4341
2026-05-26,CU2703,8066
2026-05-26,CU2704,5945
2026-05-26,CU2705,502
2026-05-27,CU2606,72548
2026-05-27,CU2607,181426
2026-05-27,CU2608,99972
2026-05-27,CU2609,71650
2026-05-27,CU2610,22553
2026-05-27,CU2611,13451
2026-05-27,CU2612,28902
2026-05-27,CU2701,12380
2026-05-27,CU2702,4353
2026-05-27,CU2703,8426
2026-05-27,CU2704,6112
2026-05-27,CU2705,604
2026-05-28,CU2606,64333
2026-05-28,CU2607,177041
2026-05-28,CU2608,109612
2026-05-28,CU2609,72854
2026-05-28,CU2610,23760
2026-05-28,CU2611,13752
2026-05-28,CU2612,28951
2026-05-28,CU2701,12419
2026-05-28,CU2702,5047
2026-05-28,CU2703,9092
2026-05-28,CU2704,6393
2026-05-28,CU2705,700
2026-05-29,CU2606,54142
2026-05-29,CU2607,179433
2026-05-29,CU2608,111396
2026-05-29,CU2609,73537
2026-05-29,CU2610,23793
2026-05-29,CU2611,13645
2026-05-29,CU2612,29085
2026-05-29,CU2701,12446
2026-05-29,CU2702,5023
2026-05-29,CU2703,9014
2026-05-29,CU2704,6296
2026-05-29,CU2705,800
2026-06-01,CU2606,49970
2026-06-01,CU2607,177344
2026-06-01,CU2608,112948
2026-06-01,CU2609,75684
2026-06-01,CU2610,24265
2026-06-01,CU2611,13622
2026-06-01,CU2612,29244
2026-06-01,CU2701,11985
2026-06-01,CU2702,4973
2026-06-01,CU2703,8993
2026-06-01,CU2704,6273
2026-06-01,CU2705,797
2026-06-02,CU2606,42365
2026-06-02,CU2607,191344
2026-06-02,CU2608,117714
2026-06-02,CU2609,77947
2026-06-02,CU2610,25160
2026-06-02,CU2611,13752
2026-06-02,CU2612,29952
2026-06-02,CU2701,11530
2026-06-02,CU2702,4938
2026-06-02,CU2703,8938
2026-06-02,CU2704,6208
2026-06-02,CU2705,810
2026-06-03,CU2606,37890
2026-06-03,CU2607,187857
2026-06-03,CU2608,124549
2026-06-03,CU2609,80281
2026-06-03,CU2610,25043
2026-06-03,CU2611,13740
2026-06-03,CU2612,30609
2026-06-03,CU2701,11417
2026-06-03,CU2702,4926
2026-06-03,CU2703,9012
2026-06-03,CU2704,6245
2026-06-03,CU2705,823
2026-06-04,CU2606,35215
2026-06-04,CU2607,177479
2026-06-04,CU2608,121318
2026-06-04,CU2609,80194
2026-06-04,CU2610,25467
2026-06-04,CU2611,13900
2026-06-04,CU2612,31008
2026-06-04,CU2701,11381
2026-06-04,CU2702,5022
2026-06-04,CU2703,9210
2026-06-04,CU2704,6336
2026-06-04,CU2705,862
2026-06-05,CU2606,30595
2026-06-05,CU2607,173561
2026-06-05,CU2608,122679
2026-06-05,CU2609,80882
2026-06-05,CU2610,25468
2026-06-05,CU2611,14878
2026-06-05,CU2612,31132
2026-06-05,CU2701,11368
2026-06-05,CU2702,4999
2026-06-05,CU2703,9177
2026-06-05,CU2704,6335
2026-06-05,CU2705,895
2026-06-08,CU2606,24590
2026-06-08,CU2607,163456
2026-06-08,CU2608,119850
2026-06-08,CU2609,80967
2026-06-08,CU2610,27293
2026-06-08,CU2611,15610
2026-06-08,CU2612,31661
2026-06-08,CU2701,11430
2026-06-08,CU2702,5176
2026-06-08,CU2703,10618
2026-06-08,CU2704,6484
2026-06-08,CU2705,965
2026-06-09,CU2606,20475
2026-06-09,CU2607,161032
2026-06-09,CU2608,119192
2026-06-09,CU2609,82249
2026-06-09,CU2610,28238
2026-06-09,CU2611,15927
2026-06-09,CU2612,31979
2026-06-09,CU2701,11583
2026-06-09,CU2702,5261
2026-06-09,CU2703,11187
2026-06-09,CU2704,6561
2026-06-09,CU2705,1191
2026-06-10,CU2606,17535
2026-06-10,CU2607,159899
2026-06-10,CU2608,120937
2026-06-10,CU2609,84328
2026-06-10,CU2610,28745
2026-06-10,CU2611,16349
2026-06-10,CU2612,32423
2026-06-10,CU2701,11541
2026-06-10,CU2702,5306
2026-06-10,CU2703,11385
2026-06-10,CU2704,6825
2026-06-10,CU2705,1201
2026-06-11,CU2606,11780
2026-06-11,CU2607,152405
2026-06-11,CU2608,122527
2026-06-11,CU2609,86553
2026-06-11,CU2610,30684
2026-06-11,CU2611,16499
2026-06-11,CU2612,33109
2026-06-11,CU2701,12051
2026-06-11,CU2702,5876
2026-06-11,CU2703,12457
2026-06-11,CU2704,7234
2026-06-11,CU2705,1794
2026-06-12,CU2606,6015
2026-06-12,CU2607,149144
2026-06-12,CU2608,126498
2026-06-12,CU2609,88055
2026-06-12,CU2610,31224
2026-06-12,CU2611,17027
2026-06-12,CU2612,33640
2026-06-12,CU2701,12227
2026-06-12,CU2702,5884
2026-06-12,CU2703,12614
2026-06-12,CU2704,7252
2026-06-12,CU2705,1773
2026-06-15,CU2606,5535
2026-06-15,CU2607,148486
2026-06-15,CU2608,135087
2026-06-15,CU2609,90413
2026-06-15,CU2610,32338
2026-06-15,CU2611,16569
2026-06-15,CU2612,33341
2026-06-15,CU2701,12556
2026-06-15,CU2702,5844
2026-06-15,CU2703,12750
2026-06-15,CU2704,7289
2026-06-15,CU2705,1937
2026-06-16,CU2607,135351
2026-06-16,CU2608,136524
2026-06-16,CU2609,91995
2026-06-16,CU2610,34112
2026-06-16,CU2611,16921
2026-06-16,CU2612,33040
2026-06-16,CU2701,12534
2026-06-16,CU2702,5847
2026-06-16,CU2703,12817
2026-06-16,CU2704,7291
2026-06-16,CU2705,2014
2026-06-16,CU2706,17
2026-06-17,CU2607,124308
2026-06-17,CU2608,143434
2026-06-17,CU2609,94749
2026-06-17,CU2610,35778
2026-06-17,CU2611,17312
2026-06-17,CU2612,33196
2026-06-17,CU2701,12644
2026-06-17,CU2702,5858
2026-06-17,CU2703,12796
2026-06-17,CU2704,7274
2026-06-17,CU2705,2025
2026-06-17,CU2706,25
2026-06-18,CU2607,112863
2026-06-18,CU2608,146280
2026-06-18,CU2609,96163
2026-06-18,CU2610,36627
2026-06-18,CU2611,17529
2026-06-18,CU2612,33611
2026-06-18,CU2701,12652
2026-06-18,CU2702,6122
2026-06-18,CU2703,12797
2026-06-18,CU2704,7284
2026-06-18,CU2705,2067
2026-06-18,CU2706,74
2026-06-22,CU2607,106812
2026-06-22,CU2608,147012
2026-06-22,CU2609,97943
2026-06-22,CU2610,37535
2026-06-22,CU2611,17822
2026-06-22,CU2612,33805
2026-06-22,CU2701,12711
2026-06-22,CU2702,6165
2026-06-22,CU2703,12797
2026-06-22,CU2704,7467
2026-06-22,CU2705,2259
2026-06-22,CU2706,627
2026-06-23,CU2607,98424
2026-06-23,CU2608,148166
2026-06-23,CU2609,102155
2026-06-23,CU2610,38766
2026-06-23,CU2611,18407
2026-06-23,CU2612,34090
2026-06-23,CU2701,13147
2026-06-23,CU2702,6342
2026-06-23,CU2703,13023
2026-06-23,CU2704,7620
2026-06-23,CU2705,2229
2026-06-23,CU2706,863
2026-06-24,CU2607,88365
2026-06-24,CU2608,156327
2026-06-24,CU2609,105296
2026-06-24,CU2610,40672
2026-06-24,CU2611,19127
2026-06-24,CU2612,34935
2026-06-24,CU2701,13545
2026-06-24,CU2702,6380
2026-06-24,CU2703,13147
2026-06-24,CU2704,7726
2026-06-24,CU2705,2496
2026-06-24,CU2706,991
2026-06-25,CU2607,79117
2026-06-25,CU2608,164606
2026-06-25,CU2609,113388
2026-06-25,CU2610,43270
2026-06-25,CU2611,21434
2026-06-25,CU2612,37238
2026-06-25,CU2701,14563
2026-06-25,CU2702,6951
2026-06-25,CU2703,13386
2026-06-25,CU2704,8040
2026-06-25,CU2705,2858
2026-06-25,CU2706,1367
2026-06-26,CU2607,66162
2026-06-26,CU2608,159247
2026-06-26,CU2609,120696
2026-06-26,CU2610,44345
2026-06-26,CU2611,22037
2026-06-26,CU2612,37291
2026-06-26,CU2701,14766
2026-06-26,CU2702,6969
2026-06-26,CU2703,13344
2026-06-26,CU2704,8027
2026-06-26,CU2705,2871
2026-06-26,CU2706,1468
2026-06-29,CU2607,56845
2026-06-29,CU2608,154336
2026-06-29,CU2609,126734
2026-06-29,CU2610,46244
2026-06-29,CU2611,22542
2026-06-29,CU2612,38464
2026-06-29,CU2701,14724
2026-06-29,CU2702,7049
2026-06-29,CU2703,13389
2026-06-29,CU2704,8040
2026-06-29,CU2705,2940
2026-06-29,CU2706,1491
2026-06-30,CU2607,48605
2026-06-30,CU2608,155574
2026-06-30,CU2609,127952
2026-06-30,CU2610,47040
2026-06-30,CU2611,24629
2026-06-30,CU2612,39987
2026-06-30,CU2701,15574
2026-06-30,CU2702,7095
2026-06-30,CU2703,13384
2026-06-30,CU2704,8039
2026-06-30,CU2705,2917
2026-06-30,CU2706,1558
2026-07-01,CU2607,44610
2026-07-01,CU2608,154212
2026-07-01,CU2609,129138
2026-07-01,CU2610,48743
2026-07-01,CU2611,25615
2026-07-01,CU2612,40345
2026-07-01,CU2701,16026
2026-07-01,CU2702,7089
2026-07-01,CU2703,13492
2026-07-01,CU2704,8173
2026-07-01,CU2705,2922
2026-07-01,CU2706,1697
2026-07-02,CU2607,40810
2026-07-02,CU2608,155464
2026-07-02,CU2609,130847
2026-07-02,CU2610,49995
2026-07-02,CU2611,25104
2026-07-02,CU2612,40711
2026-07-02,CU2701,16229
2026-07-02,CU2702,7164
2026-07-02,CU2703,13795
2026-07-02,CU2704,8174
2026-07-02,CU2705,2939
2026-07-02,CU2706,1679
2026-07-03,CU2607,34740
2026-07-03,CU2608,152135
2026-07-03,CU2609,132766
2026-07-03,CU2610,51210
2026-07-03,CU2611,25820
2026-07-03,CU2612,40944
2026-07-03,CU2701,16491
2026-07-03,CU2702,7247
2026-07-03,CU2703,13905
2026-07-03,CU2704,8167
2026-07-03,CU2705,2933
2026-07-03,CU2706,1706
2026-07-06,CU2607,28495
2026-07-06,CU2608,151621
2026-07-06,CU2609,136795
2026-07-06,CU2610,51821
2026-07-06,CU2611,25802
2026-07-06,CU2612,41583
2026-07-06,CU2701,17078
2026-07-06,CU2702,7270
2026-07-06,CU2703,14088
2026-07-06,CU2704,8204
2026-07-06,CU2705,2920
2026-07-06,CU2706,1709
2026-07-07,CU2607,24485
2026-07-07,CU2608,148515
2026-07-07,CU2609,139669
2026-07-07,CU2610,52272
2026-07-07,CU2611,26050
2026-07-07,CU2612,41999
2026-07-07,CU2701,17095
2026-07-07,CU2702,7272
2026-07-07,CU2703,14124
2026-07-07,CU2704,8192
2026-07-07,CU2705,2913
2026-07-07,CU2706,1775
2026-07-08,CU2607,20020
2026-07-08,CU2608,149665
2026-07-08,CU2609,143330
2026-07-08,CU2610,52432
2026-07-08,CU2611,26284
2026-07-08,CU2612,43231
2026-07-08,CU2701,17019
2026-07-08,CU2702,7330
2026-07-08,CU2703,14216
2026-07-08,CU2704,8198
2026-07-08,CU2705,2998
2026-07-08,CU2706,1908
2026-07-09,CU2607,15835
2026-07-09,CU2608,153942
2026-07-09,CU2609,152203
2026-07-09,CU2610,54413
2026-07-09,CU2611,26690
2026-07-09,CU2612,45463
2026-07-09,CU2701,17475
2026-07-09,CU2702,7709
2026-07-09,CU2703,14364
2026-07-09,CU2704,8332
2026-07-09,CU2705,3103
2026-07-09,CU2706,2149
2026-07-10,CU2607,12735
2026-07-10,CU2608,149356
2026-07-10,CU2609,163926
2026-07-10,CU2610,55808
2026-07-10,CU2611,27393
2026-07-10,CU2612,45635
2026-07-10,CU2701,17735
2026-07-10,CU2702,7726
2026-07-10,CU2703,14306
2026-07-10,CU2704,8329
2026-07-10,CU2705,3109
2026-07-10,CU2706,2255
2026-07-13,CU2607,7590
2026-07-13,CU2608,142072
2026-07-13,CU2609,165332
2026-07-13,CU2610,57543
2026-07-13,CU2611,27510
2026-07-13,CU2612,47241
2026-07-13,CU2701,17912
2026-07-13,CU2702,7724
2026-07-13,CU2703,14261
2026-07-13,CU2704,8379
2026-07-13,CU2705,3104
2026-07-13,CU2706,2606
2026-07-14,CU2607,3310
2026-07-14,CU2608,145151
2026-07-14,CU2609,177778
2026-07-14,CU2610,61320
2026-07-14,CU2611,28055
2026-07-14,CU2612,47595
2026-07-14,CU2701,17965
2026-07-14,CU2702,7918
2026-07-14,CU2703,14323
2026-07-14,CU2704,8374
2026-07-14,CU2705,3167
2026-07-14,CU2706,2882
2026-07-15,CU2607,1500
2026-07-15,CU2608,140641
2026-07-15,CU2609,184297
2026-07-15,CU2610,64509
2026-07-15,CU2611,28689
2026-07-15,CU2612,48018
2026-07-15,CU2701,17959
2026-07-15,CU2702,7824
2026-07-15,CU2703,15153
2026-07-15,CU2704,8347
2026-07-15,CU2705,3146
2026-07-15,CU2706,2995
2026-07-16,CU2608,133116
2026-07-16,CU2609,185476
2026-07-16,CU2610,65683
2026-07-16,CU2611,29228
2026-07-16,CU2612,48650
2026-07-16,CU2701,18236
2026-07-16,CU2702,7863
2026-07-16,CU2703,15286
2026-07-16,CU2704,8391
2026-07-16,CU2705,3185
2026-07-16,CU2706,3015
2026-07-16,CU2707,101
2026-07-17,CU2608,127472
2026-07-17,CU2609,180125
2026-07-17,CU2610,67956
2026-07-17,CU2611,29791
2026-07-17,CU2612,49738
2026-07-17,CU2701,19012
2026-07-17,CU2702,7867
2026-07-17,CU2703,15213
2026-07-17,CU2704,8572
2026-07-17,CU2705,3388
2026-07-17,CU2706,3226
2026-07-17,CU2707,314
2026-07-20,CU2608,117335
2026-07-20,CU2609,190685
2026-07-20,CU2610,72264
2026-07-20,CU2611,31253
2026-07-20,CU2612,50606
2026-07-20,CU2701,20010
2026-07-20,CU2702,8091
2026-07-20,CU2703,15308
2026-07-20,CU2704,8631
2026-07-20,CU2705,3677
2026-07-20,CU2706,3363
2026-07-20,CU2707,542
2026-07-21,CU2608,113050
2026-07-21,CU2609,215867
2026-07-21,CU2610,76881
2026-07-21,CU2611,31821
2026-07-21,CU2612,50370
2026-07-21,CU2701,20379
2026-07-21,CU2702,8316
2026-07-21,CU2703,15252
2026-07-21,CU2704,8157
2026-07-21,CU2705,3741
2026-07-21,CU2706,3386
2026-07-21,CU2707,625
2026-07-22,CU2608,106884
2026-07-22,CU2609,227686
2026-07-22,CU2610,80720
2026-07-22,CU2611,32470
2026-07-22,CU2612,49493
2026-07-22,CU2701,20768
2026-07-22,CU2702,8446
2026-07-22,CU2703,15209
2026-07-22,CU2704,8508
2026-07-22,CU2705,3834
2026-07-22,CU2706,3387
2026-07-22,CU2707,720
2026-07-23,CU2608,103108
2026-07-23,CU2609,224899
2026-07-23,CU2610,82208
2026-07-23,CU2611,32617
2026-07-23,CU2612,49276
2026-07-23,CU2701,20895
2026-07-23,CU2702,8644
2026-07-23,CU2703,15257
2026-07-23,CU2704,8566
2026-07-23,CU2705,3998
2026-07-23,CU2706,3473
2026-07-23,CU2707,831
2026-07-24,CU2608,94826
2026-07-24,CU2609,210281
2026-07-24,CU2610,84651
2026-07-24,CU2611,33568
2026-07-24,CU2612,50517
2026-07-24,CU2701,22006
2026-07-24,CU2702,8700
2026-07-24,CU2703,15673
2026-07-24,CU2704,8735
2026-07-24,CU2705,4299
2026-07-24,CU2706,3886
2026-07-24,CU2707,949
2026-07-27,CU2608,87748
2026-07-27,CU2609,208275
2026-07-27,CU2610,90343
2026-07-27,CU2611,36723
2026-07-27,CU2612,51588
2026-07-27,CU2701,23474
2026-07-27,CU2702,8710
2026-07-27,CU2703,15778
2026-07-27,CU2704,8815
2026-07-27,CU2705,4225
2026-07-27,CU2706,3894
2026-07-27,CU2707,1089
2026-07-28,CU2608,78661
2026-07-28,CU2609,202989
2026-07-28,CU2610,95995
2026-07-28,CU2611,37661
2026-07-28,CU2612,51912
2026-07-28,CU2701,24613
2026-07-28,CU2702,8848
2026-07-28,CU2703,16070
2026-07-28,CU2704,8850
2026-07-28,CU2705,4217
2026-07-28,CU2706,3949
2026-07-28,CU2707,1421
2026-07-29,CU2608,69898
2026-07-29,CU2609,197318
2026-07-29,CU2610,103511
2026-07-29,CU2611,38111
2026-07-29,CU2612,52206
2026-07-29,CU2701,25600
2026-07-29,CU2702,8871
2026-07-29,CU2703,16247
2026-07-29,CU2704,8877
2026-07-29,CU2705,4190
2026-07-29,CU2706,3927
2026-07-29,CU2707,1486
2026-07-30,CU2608,62075
2026-07-30,CU2609,196080
2026-07-30,CU2610,112171
2026-07-30,CU2611,40332
2026-07-30,CU2612,53244
2026-07-30,CU2701,25915
2026-07-30,CU2702,9394
2026-07-30,CU2703,16770
2026-07-30,CU2704,8893
2026-07-30,CU2705,4133
2026-07-30,CU2706,3956
2026-07-30,CU2707,1525
2026-07-31,CU2608,53567
2026-07-31,CU2609,201576
2026-07-31,CU2610,116851
2026-07-31,CU2611,40709
2026-07-31,CU2612,52836
2026-07-31,CU2701,25981
2026-07-31,CU2702,9491
2026-07-31,CU2703,17070
2026-07-31,CU2704,8776
2026-07-31,CU2705,4119
2026-07-31,CU2706,4018
2026-07-31,CU2707,1523
2026-08-03,CU2608,50585
2026-08-03,CU2609,205922
2026-08-03,CU2610,121425
2026-08-03,CU2611,41497
2026-08-03,CU2612,53665
2026-08-03,CU2701,25966
2026-08-03,CU2702,10530
2026-08-03,CU2703,17258
2026-08-03,CU2704,8744
2026-08-03,CU2705,4115
2026-08-03,CU2706,4022
2026-08-03,CU2707,1539
2026-08-04,CU2608,47765
2026-08-04,CU2609,209530
2026-08-04,CU2610,129107
2026-08-04,CU2611,43185
2026-08-04,CU2612,53577
2026-08-04,CU2701,26159
2026-08-04,CU2702,11067
2026-08-04,CU2703,17189
2026-08-04,CU2704,8625
2026-08-04,CU2705,4115
2026-08-04,CU2706,4008
2026-08-04,CU2707,1542
2026-08-05,CU2608,44450
2026-08-05,CU2609,216692
2026-08-05,CU2610,133467
2026-08-05,CU2611,44605
2026-08-05,CU2612,54671
2026-08-05,CU2701,26315
2026-08-05,CU2702,11831
2026-08-05,CU2703,17181
2026-08-05,CU2704,8848
2026-08-05,CU2705,4245
2026-08-05,CU2706,4145
2026-08-05,CU2707,1697
2026-08-06,CU2608,42045
2026-08-06,CU2609,214266
2026-08-06,CU2610,141030
2026-08-06,CU2611,45232
2026-08-06,CU2612,55514
2026-08-06,CU2701,26751
2026-08-06,CU2702,11900
2026-08-06,CU2703,17215
2026-08-06,CU2704,8794
2026-08-06,CU2705,4267
2026-08-06,CU2706,4147
2026-08-06,CU2707,1739
2026-08-07,CU2608,38925
2026-08-07,CU2609,220913
2026-08-07,CU2610,150156
2026-08-07,CU2611,44428
2026-08-07,CU2612,56341
2026-08-07,CU2701,27089
2026-08-07,CU2702,12188
2026-08-07,CU2703,17266
2026-08-07,CU2704,8914
2026-08-07,CU2705,4716
2026-08-07,CU2706,4383
2026-08-07,CU2707,1830
2026-08-10,CU2608,32370
2026-08-10,CU2609,214566
2026-08-10,CU2610,155106
2026-08-10,CU2611,44588
2026-08-10,CU2612,56904
2026-08-10,CU2701,28161
2026-08-10,CU2702,12175
2026-08-10,CU2703,17347
2026-08-10,CU2704,8970
2026-08-10,CU2705,4700
2026-08-10,CU2706,4388
2026-08-10,CU2707,1891
2026-08-11,CU2608,25305
2026-08-11,CU2609,215009
2026-08-11,CU2610,163846
2026-08-11,CU2611,45255
2026-08-11,CU2612,57722
2026-08-11,CU2701,28765
2026-08-11,CU2702,12311
2026-08-11,CU2703,17408
2026-08-11,CU2704,8954
2026-08-11,CU2705,4709
2026-08-11,CU2706,4374
2026-08-11,CU2707,1890
2026-08-12,CU2608,22320
2026-08-12,CU2609,215065
2026-08-12,CU2610,170985
2026-08-12,CU2611,45889
2026-08-12,CU2612,59046
2026-08-12,CU2701,28906
2026-08-12,CU2702,12347
2026-08-12,CU2703,17370
2026-08-12,CU2704,8907
2026-08-12,CU2705,4724
2026-08-12,CU2706,4435
2026-08-12,CU2707,2042
2026-08-13,CU2608,12885
2026-08-13,CU2609,208892
2026-08-13,CU2610,169197
2026-08-13,CU2611,47302
2026-08-13,CU2612,59685
2026-08-13,CU2701,29285
2026-08-13,CU2702,12427
2026-08-13,CU2703,18030
2026-08-13,CU2704,9005
2026-08-13,CU2705,4861
2026-08-13,CU2706,4486
2026-08-13,CU2707,2192
2026-08-14,CU2608,7790
2026-08-14,CU2609,204710
2026-08-14,CU2610,168203
2026-08-14,CU2611,48289
2026-08-14,CU2612,60362
2026-08-14,CU2701,29286
2026-08-14,CU2702,12990
2026-08-14,CU2703,17960
2026-08-14,CU2704,8996
2026-08-14,CU2705,4886
2026-08-14,CU2706,4531
2026-08-14,CU2707,2325
2026-08-17,CU2608,7320
2026-08-17,CU2609,210886
2026-08-17,CU2610,183450
2026-08-17,CU2611,52004
2026-08-17,CU2612,62106
2026-08-17,CU2701,29927
2026-08-17,CU2702,13789
2026-08-17,CU2703,17969
2026-08-17,CU2704,8984
2026-08-17,CU2705,4840
2026-08-17,CU2706,4533
2026-08-17,CU2707,2373
2026-08-18,CU2609,192401
2026-08-18,CU2610,173623
2026-08-18,CU2611,54924
2026-08-18,CU2612,64307
2026-08-18,CU2701,30584
2026-08-18,CU2702,13853
2026-08-18,CU2703,18044
2026-08-18,CU2704,8875
2026-08-18,CU2705,4883
2026-08-18,CU2706,4623
2026-08-18,CU2707,2397
2026-08-18,CU2708,292
2026-08-19,CU2609,175241
2026-08-19,CU2610,169495
2026-08-19,CU2611,57334
2026-08-19,CU2612,65209
2026-08-19,CU2701,30281
2026-08-19,CU2702,13926
2026-08-19,CU2703,18386
2026-08-19,CU2704,9036
2026-08-19,CU2705,4924
2026-08-19,CU2706,4630
2026-08-19,CU2707,2423
2026-08-19,CU2708,677
2026-08-20,CU2609,162899
2026-08-20,CU2610,169713
2026-08-20,CU2611,58460
2026-08-20,CU2612,66166
2026-08-20,CU2701,30547
2026-08-20,CU2702,14433
2026-08-20,CU2703,19232
2026-08-20,CU2704,9494
2026-08-20,CU2705,5438
2026-08-20,CU2706,4801
2026-08-20,CU2707,2488
2026-08-20,CU2708,869
2026-08-21,CU2609,150334
2026-08-21,CU2610,176878
2026-08-21,CU2611,59514
2026-08-21,CU2612,66652
2026-08-21,CU2701,30873
2026-08-21,CU2702,14421
2026-08-21,CU2703,19400
2026-08-21,CU2704,9516
2026-08-21,CU2705,5487
2026-08-21,CU2706,4769
2026-08-21,CU2707,2750
2026-08-21,CU2708,1050
2026-08-24,CU2609,138087
2026-08-24,CU2610,191791
2026-08-24,CU2611,64577
2026-08-24,CU2612,67223
2026-08-24,CU2701,31819
2026-08-24,CU2702,14442
2026-08-24,CU2703,20318
2026-08-24,CU2704,10840
2026-08-24,CU2705,6991
2026-08-24,CU2706,5824
2026-08-24,CU2707,2741
2026-08-24,CU2708,1050
2026-08-25,CU2609,118959
2026-08-25,CU2610,204454
2026-08-25,CU2611,70522
2026-08-25,CU2612,69588
2026-08-25,CU2701,32277
2026-08-25,CU2702,14630
2026-08-25,CU2703,20973
2026-08-25,CU2704,10614
2026-08-25,CU2705,6989
2026-08-25,CU2706,5867
2026-08-25,CU2707,2891
2026-08-25,CU2708,1096
2026-08-26,CU2609,106288
2026-08-26,CU2610,221610
2026-08-26,CU2611,82233
2026-08-26,CU2612,72867
2026-08-26,CU2701,33204
2026-08-26,CU2702,14802
2026-08-26,CU2703,21000
2026-08-26,CU2704,10565
2026-08-26,CU2705,6730
2026-08-26,CU2706,5881
2026-08-26,CU2707,2994
2026-08-26,CU2708,1276
2026-08-27,CU2609,96891
2026-08-27,CU2610,213168
2026-08-27,CU2611,87245
2026-08-27,CU2612,74315
2026-08-27,CU2701,34241
2026-08-27,CU2702,15572
2026-08-27,CU2703,21427
2026-08-27,CU2704,10746
2026-08-27,CU2705,7118
2026-08-27,CU2706,6040
2026-08-27,CU2707,3174
2026-08-27,CU2708,1750
2026-08-28,CU2609,88937
2026-08-28,CU2610,216394
2026-08-28,CU2611,94307
2026-08-28,CU2612,76643
2026-08-28,CU2701,35634
2026-08-28,CU2702,16010
2026-08-28,CU2703,22237
2026-08-28,CU2704,10824
2026-08-28,CU2705,7249
2026-08-28,CU2706,6076
2026-08-28,CU2707,3239
2026-08-28,CU2708,2122
2026-08-31,CU2609,71665
2026-08-31,CU2610,220884
2026-08-31,CU2611,102224
2026-08-31,CU2612,77474
2026-08-31,CU2701,37552
2026-08-31,CU2702,16738
2026-08-31,CU2703,22458
2026-08-31,CU2704,11251
2026-08-31,CU2705,7564
2026-08-31,CU2706,6154
2026-08-31,CU2707,3332
2026-08-31,CU2708,2195
2026-09-01,CU2609,66740
2026-09-01,CU2610,224406
2026-09-01,CU2611,107687
2026-09-01,CU2612,77519
2026-09-01,CU2701,37697
2026-09-01,CU2702,17059
2026-09-01,CU2703,22480
2026-09-01,CU2704,11281
2026-09-01,CU2705,7559
2026-09-01,CU2706,6156
2026-09-01,CU2707,3356
2026-09-01,CU2708,2207
2026-09-02,CU2609,55625
2026-09-02,CU2610,207209
2026-09-02,CU2611,108542
2026-09-02,CU2612,78670
2026-09-02,CU2701,39545
2026-09-02,CU2702,17524
2026-09-02,CU2703,24328
2026-09-02,CU2704,11294
2026-09-02,CU2705,7770
2026-09-02,CU2706,6240
2026-09-02,CU2707,3490
2026-09-02,CU2708,2318
2026-09-03,CU2609,54085
2026-09-03,CU2610,206566
2026-09-03,CU2611,108431
2026-09-03,CU2612,77573
2026-09-03,CU2701,39342
2026-09-03,CU2702,17871
2026-09-03,CU2703,24996
2026-09-03,CU2704,11275
2026-09-03,CU2705,7778
2026-09-03,CU2706,6331
2026-09-03,CU2707,3491
2026-09-03,CU2708,2348
